post_id,title,date,source_type,source_index,sentiment,opinion,evidence
1,웅파이!!, 24/12/11,본문,0,부정,미트파이 가격이 비싸다고 표현.,미트파이 6500원 좀 비싸지만
1,웅파이!!, 24/12/11,본문,0,긍정,고기와 토마토 소스 맛있다는 평가.,안에 고기도 많고 토마토 소스도 맛있고
1,웅파이!!, 24/12/11,본문,0,긍정,치즈 존재를 추측하고 있다.,치즈??도 있는거 같은데 확실은 ..
1,웅파이!!, 24/12/11,본문,0,긍정,존맛이라고 표현하며 추천함.,존맛이야 추천!!
1,웅파이!!, 24/12/11,댓글,1,긍정,양이 좋다,우와 양은 어때??
1,웅파이!!, 24/12/11,댓글,2,긍정,처음에는 작아 보이지만 | 나중에는 한 끼 식사로도 충분할 것 같아요.,첨엔 좀 작아보였는데 먹다보니까 한끼 될듯??
1,웅파이!!, 24/12/11,댓글,2,부정,포만감은 크지 않지만 | 약간 짜고 느끼하게 느껴집니다.,근데 배부르기보단 좀 물라는 느낌이야 ㅎ 짜고 기름져
1,웅파이!!, 24/12/11,댓글,3,긍정,여기 좋아해 | 나 여기 좋아해,나 여기 좋아해
1,웅파이!!, 24/12/11,댓글,4,부정,학교 앞에 웅파이 생김,학과 앞에 웅파이 생김???
1,웅파이!!, 24/12/11,댓글,5,긍정,맛있었다,존맛
1,웅파이!!, 24/12/11,댓글,5,부정,비쌌다,비싸다
1,웅파이!!, 24/12/11,댓글,7,중립,오늘이 졸업전 마지막 등교잖아.,오늘이 졸업전 마지막 등교잖아..?
1,웅파이!!, 24/12/11,댓글,8,부정,충격,. (충격).
1,웅파이!!, 24/12/11,댓글,9,긍정,기대됨,아 넘 기대됨;;;;
1,웅파이!!, 24/12/11,댓글,10,긍정,매장으로 빠르게 달려갔다.,헐 달려가
1,웅파이!!, 24/12/11,댓글,11,중립,학교 앞에 웅파이 생겼어????,헐 학校前面开了个乌帕寺？？？
2,웅파이 가본 사람,24/12/11,본문,0,중립,맛 어때 궁금..,맛 어때 궁금..
2,웅파이 가본 사람,24/12/11,댓글,1,긍정,숙플에 후기 있더라,숙플에 후기 있더라
2,웅파이 가본 사람,24/12/11,댓글,2,중립,추가 궁금함을 표현,㎏一键继续回答levator길래 더 궁금해서~~
2,웅파이 가본 사람,24/12/11,댓글,3,긍정,웅파이 망원 내 최고의 빵집이었음,웅파이 망원 내 최고의 빵집이었음
2,웅파이 가본 사람,24/12/11,댓글,3,긍정,거기랑 맛이 같다면 개추천,거기랑 맛이 같다면 개추천
2,웅파이 가본 사람,24/12/11,댓글,4,중립,"치즈의 존재를 확인하는 표현으로, 긍정적인 감정을 나타내지 않고 중립적입니다.",기본에 치즈 있지?
2,웅파이 가본 사람,24/12/11,댓글,5,부정,가격이 비싸다고 불평,비싸다
2,웅파이 가본 사람,24/12/11,댓글,5,긍정,식당 음식 맛있다고 칭찬,존맛
3,웅파이,24/12/12,본문,0,긍정,두 음식 모두 맛있었음,둘 다 맛있어 난 보스파이가 더 취향이야
3,웅파이,24/12/12,본문,0,중립,비프와 보스파이의 내용물을 설명함,보스파이는 안에 치즈랑 치킨 커리 들어있었음. 비프는 매쉬드 포테이토랑 소고기 소스 같은 거 들음
3,웅파이,24/12/12,본문,0,중립,식사 대용으로 먹을만하다는 평가,식사대용 먹기 ㄱㅊ은 거 같애
3,웅파이,24/12/12,댓글,1,중립,후기를 궁금했지만 직접적인 의견은 없음,ECTOR: 헉 여기 후기 궁금했는데
3,웅파이,24/12/12,댓글,2,중립,가격을 묻는 내용으로 중립적인 평가입니다.,얼마야?
3,웅파이,24/12/12,댓글,3,중립,가격은 대략 5000-6000원대였는데 비싸다고 생각했다.,6500 5900인가 거의 5000-6000원대였어. 비싸다고 생각했는데
3,웅파이,24/12/12,댓글,3,긍정,먹어보니까 적당하다고 생각했어요.,먹어보니까 적당하다 생각했어
4,웅파이,24/12/19,본문,0,긍정,두개 더 포장해왔어,두개 더 포장해왔어.
4,웅파이,24/12/19,본문,0,긍정,미트파이 원래 진짜 좋아,미트파이 원래 진짜 좋아
4,웅파이,24/12/19,본문,0,긍정,행복하다,행복하다
4,웅파이,24/12/19,댓글,1,긍정,행복해...,행복해...
4,웅파이,24/12/19,댓글,1,긍정,대박이다,와 대박이다
4,웅파이,24/12/19,댓글,2,부정,하나만...와 진짜 어렵다!!,하나만...와 진짜 어렵다!!
4,웅파이,24/12/19,댓글,2,긍정,난 원래 카레고로케 같은 맛+향신료 되게 좋아해서 보스파이가 제일 취향이긴 했어,난 원래 카레고로케 같은 맛+향신료 되게 좋아해서 보스파이가 제일 취향이긴 했어
4,웅파이,24/12/19,댓글,2,긍정,근데 기본 미트도 무난하게 맛있어!!,근데 기본 미트도 무난하게 맛있어!!
5,웅파이 진짜 존맛,24/12/19,본문,0,긍정,맛이 좋다.,그래도 너무 맛있음;;;
5,웅파이 진짜 존맛,24/12/19,본문,0,부정,소스가 짜다고 표현한다.,一点点辣味
5,웅파이 진짜 존맛,24/12/19,댓글,1,긍정,워프이와 비프칠리가 매우 맛있다.,웅파이 너무 맛있어 비프칠리가 ㄹㅇ 개맛있어
5,웅파이 진짜 존맛,24/12/19,댓글,1,긍정,치킨도 맛있다.,치킨도 맛있어
5,웅파이 진짜 존맛,24/12/19,댓글,1,긍정,모든 음식이 맛있다.,걍 다 맛있어...
5,웅파이 진짜 존맛,24/12/19,댓글,2,중립,한 번 먹어도 배가 차는지 궁금하다.,하나 먹어도 배 차??
6,웅파이,24/12/19,본문,0,긍정,항상 먹겠다는 의도를 나타냈다,또먹어.맨날먹어.영원히 먹어
6,웅파이,24/12/19,본문,0,긍정,비프파이 가격과 토마토스튜 맛에 만족하는 표현,비프파이 6500.토마토스튜 좋아하면 싫어할 수가 없는 맛
6,웅파이,24/12/19,댓글,1,중립,약간 매콤한지 궁금하다.,혹시 약간 매콤해??
6,웅파이,24/12/19,댓글,2,부정,매콤한 맛은 없었어!!,매콤한 맛은 없었어!!
6,웅파이,24/12/19,댓글,3,긍정,맛이 좋아 기대가 생겼다.,개강 좀 기대될지도..
6,웅파이,24/12/19,댓글,4,긍정,맛있었다,정말 맛있었어
6,웅파이,24/12/19,댓글,4,긍정,치즈가 많이 들어 있었다,치즈도 듬뿍 들었음
6,웅파이,24/12/19,댓글,4,긍정,추천하고 싶다,꼭 먹어봐!!
6,웅파이,24/12/19,댓글,5,부정,치즈가 없었다.,나 비프파이 먹었는데 왜 난 치즈 없었지?
6,웅파이,24/12/19,댓글,5,긍정,학교 갈 일도 없으니까 먹고 싶다.,그나저나 나도 너무 먹고싶다..학교 갈 일도 없는데
6,웅파이,24/12/19,댓글,6,긍정,치즈와 감자가 많이 들어갔다.,치즈듬뿍 감자듬뿍
6,웅파이,24/12/19,댓글,6,긍정,버터의 향이 진해 있다.,버터향 듬뿍
7,웅파이,24/12/21,본문,0,긍정,바实惠,바 bä : 바삭콰ksamkwak하고 속은 녹진하고 치즈 늘어나고 와방맛있음
7,웅파이,24/12/21,본문,0,긍정,양송이很好,양송이가 거의 통째로 들어있음 통으로 씹어먹는 만족감이 있음 굿
7,웅파이,24/12/21,본문,0,부정,크림소스라 느끼한건 어쩔 수 없는듯,크림소스라 느끼한건 어쩔 수 없는듯
7,웅파이,24/12/21,본문,0,긍정,배 많이 부름,배 많이 부름 당연함
7,웅파이,24/12/21,댓글,1,긍정,바 자리가 있어요!!,오른쪽에 바 자리 있어!!
7,웅파이,24/12/21,댓글,2,긍정,맛있게 먹을 수 있어서 기뻐,먹을 생각에 신나서 못봤나봐 ㅋㅋㅋㅋ
7,웅파이,24/12/21,댓글,2,중립,정보를 알려줘서 감사하다,알려주셔서 고마워
7,웅파이,24/12/21,댓글,3,긍정,미트파이에 대해 관심을 가지게 되었다.,오.. 한 번 먹어봐야겠다
7,웅파이,24/12/21,댓글,3,중립,미트파이를 아직 본 적이 있지만 먹어보진 않았다.,미트파이 자체가 넘 생소해서 새로 생긴건 봤지만 먹어볼 생각도 못했었는데
7,웅파이,24/12/21,댓글,3,긍정,송이 설명을 보니 입맛이 갔다.,송이 설명 보니까 군침이 도네
7,웅파이,24/12/21,댓글,4,긍정,맛있어,여기 꽤 맛있어
7,웅파이,24/12/21,댓글,4,긍정,감자 파스타와 사워크림 조합이 잘 맞아,칠리비프는 같이 주는 사워크림 찍어먹음 타코 느낌 나
8,웅파이,24/12/21,본문,0,긍정,비프파이는 예상과 같이 맛있었다.,비프파이:토마토+비프 조합이라 예상가능한 맛 무난하게 맛있음.
8,웅파이,24/12/21,본문,0,긍정,양송이파이는 재미있는 맛을 주었다.,양송이파이:양송이스프에 빵 찍어먹는 느낌 났음.. 존맛.
8,웅파이,24/12/21,본문,0,중립,치킨파이는 담백하고 크리미한 맛이 있었다.,치킨파이:이건 진짜 담백한 스타일..!+크리미함
8,웅파이,24/12/21,본문,0,긍정,시금치파이는 부드러웠고 건강한 느낌을 주었다.,시금치파이:이건 미리 말씀드려야 구매가능함! 계란+시금치+토마토소스 조합인데 괜찮았어! 계란 덕분인지 되게 부드럽다고 느꼈음 비프파이보단 좀더 건강한 느낌이라 해야하나.
8,웅파이,24/12/21,본문,0,중립,소세지롤은 향신료 맛이 강했다.,소세지롤:이것도 미리 말씀드려야하는거! 일반적인 소세지 상상하면 안될듯 소세지라기보단 고기완자..? 느낌에 가까워 이건 빵이 별로 없고 고기만 80%정도 느낌이었는데 향신료 맛이 꽤 강해서 호불호 갈릴 것 같긴해
8,웅파이,24/12/21,본문,0,긍정,양송이파이는 가장 맛있었다.,총평.개인적으론 양송이가 제일 맛있었어.
8,웅파이,24/12/21,본문,0,긍정,다양한 파이는 모두 맛있었다.,전체적으로 다 맛있어서 학교 앞에 오래 있으면 좋겠다..
8,웅파이,24/12/21,댓글,1,중립,전화로 미리 말씀드리는 방법을 묻는 내용이 포함되어 있어 사실적인 정보만 전달하고 있다는 점에서 중립적입니다.,시금치파이 어떻게 미리 말씀드里的对话是关于分析一段韩文文本中客户对餐厅的意见，并按正面、负面或中立情绪分类。根据给定的规则和示例，这段文本主要是询问如何提前告知某事，并没有表达任何具体的情感态度，因此应归类为中立。以下是JSON格式的回答：```json {
8,웅파이,24/12/21,댓글,2,긍정,주문받고 조리 들어가서 2~30분 걸려,주문받고 조리 들어가서 2~30분 걸려
8,웅파이,24/12/21,댓글,2,중립,가게 가서 이거 사고싶다고 언제까지 준비해달라고 말하고 가도 되고 전화로 말씀드려도 괜찮다.,가게 가서 이거 사고싶다고 언제까지 준비해달라고 말하고 가도 되고 전화로 말씀드려도 괜찮고!
8,웅파이,24/12/21,댓글,3,긍정,시금치를 좋아하며 추천받아서 맛있다고 생각한다.,시금치 좋아하는데 꼭 먹어봐야겠다
8,웅파이,24/12/21,댓글,4,중립,성함인가??,성함인가??
8,웅파이,24/12/21,댓글,5,중립,확실x (不确定，可能是个缩写),확실x
8,웅파이,24/12/21,댓글,6,중립,"모든 메뉴에 치즈가 들어간다는 것을 물어보는 내용으로, 긍정이나 부정의 의견이 명확히 드러나지 않음.",혹시 모든메뉴에 치즈 들어가??
8,웅파이,24/12/21,댓글,7,중립,"확신이 없다는 의문 표현으로, 명확한 긍정이나 부정적인 평가를 내리기 어렵다.",그건 아닐걸?? 이건 정확히 모르겠다
9,웅파이 후기,24/12/22,본문,0,긍정,커리 비프 양송이 모두 맛있다.,난 커리 비프 양송이 먹어봤는데 다 괜찮았어!
9,웅파이 후기,24/12/22,본문,0,긍정,"양송이는 맛있고 농축된 맛, 비프는 고기 파이 맛.",양송이는 생각보다 맛이 찐했고 농축된 양송이 스프 그 맛임.비프는 딱 '고기파이'라는 맛이었어 클래식한 느낌?
9,웅파이 후기,24/12/22,본문,0,긍정,커리는 처음에는 맛이 안 났으나 먹다보니 맛있게 먹을 수 있었다.,처음 먹었을 때는 카레 맛이 별로 안 나네? 싶어서 실망했는데 먹다보니가 점점 진해져서 결론적으로는 가장 맛있게 먹었던 것 같아.
9,웅파이 후기,24/12/22,본문,0,긍정,추천하고 다음에 시금치도 먹어보고 싶다.,난 개인적으로 미트파이 정말 좋아해서 추천! 다음에는 시금치도 먹어보고 싶다!
9,웅파이 후기,24/12/22,본문,0,중립,"양송이 크기가 작아서 다섯 개 사면 비용이 높은데, 안에 꽉 차서 그런가 맛은 좋았다.",사면 15000원 넘는 게 처음에는 기분이 좀 그렇긴 했는데 안이 꽉 차고 간아랑 맛도 딱 좋아서 그렇게 아깝진 않았던 것 같아.
9,웅파이 후기,24/12/22,본문,0,중립,"배부르지 않은데, 평균적으로 두 개 정도 먹어야 배가 부른 느낌이다.",하나 먹고 배 차는 느낌은 아니었고(개인차 있을 수 있음) 평균적을 2개쯤은 먹어야 배부른 cảm受的感觉是中立的，因为这部分主要是在描述食用后的感受，并未明显表达出对餐厅或食物的好恶。)
10,우와 웅파이,24/12/22,본문,0,긍정,학교 앞에 생긴거야?????? 망원에 있을 때 자주 못가서 아쉬웠는데 복학이 기다려지네,학교 앞에 생긴거야?????? 망원에 있을 때 자주 못가서 아쉬웠는데 복학이 기다려지네
10,우와 웅파이,24/12/22,댓글,1,중립,알려진 정보만입니다.,마싯는곳이야?
11,오늘 먹은거,24/12/24,본문,0,긍정,양이 생각보다 꽤 있어서 두개정도 먹으면 배불러!,양이 생각보다 꽤 있어서 두개정도 먹으면 배불러!
11,오늘 먹은거,24/12/24,본문,0,부정,특별하게 맛있는 느낌은 아닌?,특별하게 맛있는 느낌은 아닌?
11,오늘 먹은거,24/12/24,본문,0,긍정,결론은 호!!.,결론은 호!!.
11,오늘 먹은거,24/12/24,본문,0,부정,파이지하구 감자랑 약간 궁합이 아쉬운 것 같아.,파이지하구 감자랑 약간 궁합이 아쉬운 것 같아.
11,오늘 먹은거,24/12/24,본문,0,부정,버터치킨: 호불호 많이 갈릴 맛.,버터치킨: 호불호 많이 갈릴 맛.
11,오늘 먹은거,24/12/24,본문,0,긍정,가족들은 얘가 제일 맛있었대.,가족들은 얘가 제일 맛있었대.
12,샹츠마라. 웅파이 후기,24/12/27,본문,0,긍정,미트파이가 좋았습니다.,미트파이 먹었고 6500원! 고기도 잘 씹히고 토마토소스도 맛있음!
12,샹츠마라. 웅파이 후기,24/12/27,본문,0,긍정,비싸다고 느꼈지만 값어치는 있다고 생각합니다.,살짝 비싸게 느껴지긴 하지만 돈 아깝진 않은 맛.
12,샹츠마라. 웅파이 후기,24/12/27,본문,0,긍정,시간 없을 때 간편하게 먹을 수 있을 것 같습니다.,시간 없을 때 식사대용으로 먹기 좋을 것 같음!
13,웅파이 먹어본송이?,24/12/28,본문,0,부정,중식 가야 하는데 두 개를 먹어야 하므로 불편하다.,한개로 밥 되려나? 나는 중식가야. 그럼 두개는 먹어야하나?
13,웅파이 먹어본송이?,24/12/28,본문,0,부정,마라탕 고기나 꼬치가 없으므로 값비싸게 느껴진다.,마라탕 고기나 꼬치없이 9천원어치 먹어
13,웅파이 먹어본송이?,24/12/28,댓글,1,중립,2개 ㄱㄱ,2개 ㄱㄱ
13,웅파이 먹어본송이?,24/12/28,댓글,2,긍정,감사하다,고마워~!!!
14,웅파이 비프파이,25/01/17,본문,0,긍정,음식이 맛있다.,넘 든든하고 맛있더라.
14,웅파이 비프파이,25/01/17,본문,0,긍정,가격이 적당하다.,비프파이는 6500원이고
14,웅파이 비프파이,25/01/17,본문,0,긍정,피자의 품질이 좋다.,치즈가 두툼하고 도우가 바삭한 피자느낌!
14,웅파이 비프파이,25/01/17,본문,0,중립,온도 조절이 필요하지 않았다.,20분동안 밖에 돌아다녀서 전자레인지 돌리려고 했는데 안돌려도 될만큼 따뜻하게 먹었어.
14,웅파이 비프파이,25/01/17,본문,0,긍정,소재를 들고 먹는 것이 편하다.,나이프랑 포크도 받았는데 그냥 들고 먹는게 편하더라.
14,웅파이 비프파이,25/01/17,본문,0,긍정,사장님의 서비스가 친절했다.,사장님도 친절하셨음.
14,웅파이 비프파이,25/01/17,본문,0,긍정,추천받고 싶어졌다.,웅파이 추천!
15,웅파이 비추,25/02/20,본문,0,부정,먹다가 꼬불털나옴,먹다가 꼬불털나옴.
15,웅파이 비추,25/02/20,본문,0,부정,사진 진짜 역겨우니까 조심,사진 진짜 역겨우니까 조심
15,웅파이 비추,25/02/20,댓글,1,부정,매우 화나거나 불편함을 표현,미친;;;
15,웅파이 비추,25/02/20,댓글,2,긍정,재미있게 웃음이 나온다.,보자마자 쟈니 표정됨;;;
15,웅파이 비추,25/02/20,댓글,3,긍정,맛이 존맛이다.,존맛
15,웅파이 비추,25/02/20,댓글,3,부정,비싸다.,비싸다
15,웅파이 비추,25/02/20,댓글,4,중립,텍스트가 명확한 평가 없이 시작되었다는 점에서 중립적입니다.,아...............
15,웅파이 비추,25/02/20,댓글,5,부정,확대했네 (显得有点夸大),미친 괜히 확대했네
15,웅파이 비추,25/02/20,댓글,6,부정,가격이 비싸다,비싸다
15,웅파이 비추,25/02/20,댓글,6,긍정,"맛있다, 맛 존맛",존맛 | 개맛있다
15,웅파이 비추,25/02/20,댓글,7,긍정,맛이 존맛이다.,존맛
15,웅파이 비추,25/02/20,댓글,7,부정,가격이 비싸다.,비싸다
15,웅파이 비추,25/02/20,댓글,8,부정,블랙허니를 다시토해내라,하..이럴거면 블랙허니를 다시토해내라
15,웅파이 비추,25/02/20,댓글,9,부정,위생에 문제가 있는 것 같다.,ㅁㅊ위생 무슨일이야
15,웅파이 비추,25/02/20,댓글,10,중립,어떻게하면 들어가는거지..는 문을 어떻게 열 수 있는지를 묻는 표현으로 중립적인 편입니다.,근데 어떻게하면 들어가는거지..
16,웅파이,25/03/06,본문,0,긍정,처음 먹어본 미트파이가 생각보다 맛있다.,미트파이 처음 먹어봤는데 이렇게 맛있는 음식인줄 몰랐어...
16,웅파이,25/03/06,본문,0,긍정,빵 부분은 겉 파삭속 촉촉쫀득하고 내용물은 따끈꾸덕하다.,빵 부분은 겉파삭속촉촉 Knicks이고 안쪽 내용물은 따끈꾸덕해서
16,웅파이,25/03/06,본문,0,긍정,양송이 비프와 비프칠리를 추천한다.,특히 양송이 대추천
16,웅파이,25/03/06,본문,0,중립,가격은 6000원 정도로 별로 비싸다고 판단되지 않는다.,가격은 대부분 6000원 정도라 비싼가...?하는데 생각보다 내용물이 실어서
16,웅파이,25/03/06,본문,0,부정,커피도 같이 판매되었으면 좋겠다는 아쉬움.,아쉬운 점은 커피도 같이 파셨으면 좋겠다는 점...
16,웅파이,25/03/06,댓글,1,긍정,겉 바삭하다니 짱이다.,겉 바单身模式下，人们更倾向于使用简洁的语言来表达情感和观点。下面是对给定文本的情感分析提取和分类：
16,웅파이,25/03/06,댓글,1,중립,양송이 느끼하단 후기도 있던데 송이는 어떘어?,양송이 느끼하단 후기도 있던데 송이는 어떘어?
16,웅파이,25/03/06,댓글,2,긍정,그럴 수도 있겠단 생각이 든다,그럴 수도 있겠단 생각이 들었다
16,웅파이,25/03/06,댓글,2,긍정,완전 굿..,완전 굿..
16,웅파이,25/03/06,댓글,3,긍정,양송이 맛있다,개맛있겠다
16,웅파이,25/03/06,댓글,4,긍정,맛있겠다,헐 맛있겠다
16,웅파이,25/03/06,댓글,5,부정,저거 사랑했는데 못 가겠어...,나 저거 사랑했는데 꼬불털 후기 뜬 이후로 못 가겠어...
17,웅파이,25/03/28,본문,0,긍정,맛있어요,존맛
17,웅파이,25/03/28,본문,0,부정,비쌌어요,비싸다
17,웅파이,25/03/28,댓글,1,긍정,존맛탱이라는 긍정적인 평가를 표현.,존맛탱..
17,웅파이,25/03/28,댓글,2,긍정,맛있어보여라,맛있어보여라^^~
18,웅파이,25/04/12,본문,0,긍정,미트파이가 맛있다.,魔兽 파이 미트파이 너무 맛잇듬
18,웅파이,25/04/12,댓글,1,긍정,유uxtap으로 먹는 웅파이라니 부럽다.,와 아니 부럽다..유stants 보면서 먹는 웅파이라니..
18,웅파이,25/04/12,댓글,2,중립,히히,히히
18,웅파이,25/04/12,댓글,3,부정,송이가 작아서 실망했다.,송이 커엽
18,웅파이,25/04/12,댓글,4,부정,눈빛 존나 업신여기는 것 같음 개웃기네,눈빛 존나 업신여기는 것 같음 开笑
19,웅파이!!,25/04/12,본문,0,긍정,미트파이는 생각보다 크고 맛있다.,대충 감자 치즈 고기 그레이비소스 들어간듯 딸기잼도 같이 넣어주셔서 패스츄리 빠작한 부분 찍어먹음 맛있음.
19,웅파이!!,25/04/12,본문,0,긍정,치킨파이는 미트파이보다 더 잘 어울린다.,얘도 나름 나쁘지X 딸기잼 찍어먹을거면 미트보단 얘가 더 어울림
19,웅파이!!,25/04/12,댓글,1,중립,"토마토소스의 맛이 예상보다 덜 짠다는 사실을 표현했지만, 명확한 긍정 또는 부정 평가는 없음.",토마토소스가 안 짜더라
19,웅파이!!,25/04/12,댓글,2,중립,"밥 대용으로 먹어보는 것이 어떠한지 묻는 내용으로, 사실적 정보만을 제공하고 있으며 확실한 긍정적인 평가 또는 부정적인 평가가 명확히 표현되어 있지 않다.",이거 밥 대용으로 어때?
19,웅파이!!,25/04/12,댓글,3,긍정,한 가지로도 충분하다는 평가,하나로도 충분할 것 같음
19,웅파이!!,25/04/12,댓글,3,긍정,두 가지를 먹으면 배가 차게 느껴진다는 예상,두개 먹음 든든하게 배 찰것같음
19,웅파이!!,25/04/12,댓글,4,부정,"고마움을 표현하지만, 구체적인 의견이 없어 부정으로 해석됨",오 고마워
20,웅파이 털,25/04/14,본문,0,긍정,맛이 좋아요.,존맛
20,웅파이 털,25/04/14,본문,0,부정,가격이 비싸요.,비싸다
20,웅파이 털,25/04/14,댓글,1,중립,토요일 저녁에 사 먹은거야,토요일 저녁에 사 먹은거야
20,웅파이 털,25/04/14,댓글,2,중립,하늘은 흐린 눈이었지만...,한 번까진 흐린 눈 할 수 있었는데..
20,웅파이 털,25/04/14,댓글,3,부정,털 많아서 불편함을 느꼈다., 저런 털 많이나왔었어?
20,웅파이 털,25/04/14,댓글,4,중립,이 정도면 고의 아님?,이정도면 고의아님?
20,웅파이 털,25/04/14,댓글,5,부정,불만족감을 표현함,아시발 또....
20,웅파이 털,25/04/14,댓글,6,부정,충격받아서 안가긴 했는데,이거보고 충격받아서 안가긴 했는데
20,웅파이 털,25/04/14,댓글,6,부정,미쳤다..,또..?미쳤다..
20,웅파이 털,25/04/14,댓글,7,부정,주문한 음식이 없었다.,아니 여긴 뭔 한번도 아니고
20,웅파이 털,25/04/14,댓글,8,부정,비싸다고 생각한다.,비싸다
20,웅파이 털,25/04/14,댓글,8,긍정,맛있다는 평가를 받았다.,존맛
21,웅파이,25/04/15,본문,0,긍정,맛있다,진짜 맛있다!
21,웅파이,25/04/15,본문,0,긍정,비프파이가 따끈하고 실한 속을 가지고 있다.,비프파이 진짜 엄청 따끈하고 속알맹이 실게 들어있고 맛있어
21,웅파이,25/04/15,댓글,1,부정,가격이 비싸다,비싸다
21,웅파이,25/04/15,댓글,1,긍정,맛있다,"존맛, 개맛있다"
21,웅파이,25/04/15,댓글,2,부정,실수를 했다는 불만,내가 또 실수를
21,웅파이,25/04/15,댓글,3,긍정,보스파이가 더 내 취향이다.,난 보스파이가 더 내 취향이더라
21,웅파이,25/04/15,댓글,3,긍정,카레향이 좋다.,카레향 낭낭함
22,웅파이,25/04/15,본문,0,긍정,행복한 맛이야,행복한 맛이야
22,웅파이,25/04/15,본문,0,중립,다이어트 중이지만 시험기간이니까 요정돈 괜찮겠지,다이어트중이지만 시험기간이니까 요정돈 괜찮겠지
22,웅파이,25/04/15,댓글,1,긍정,나 진짜 개 좋아해,나진짜개좋아해
22,웅파이,25/04/15,댓글,1,긍정,기본에 케찹이 제일 맛듬,난기본에케chap이젤마dit듬
23,웅파이 먹어볼까 싶어서,25/04/16,본문,0,부정,우울해짐,우울해짐
23,웅파이 먹어볼까 싶어서,25/04/16,댓글,1,긍정,한번쯤 먹어볼 만해 보인다., 한번쯤?은 먹어볼만한듯
24,웅파이,25/06/04,본문,0,긍정,치킨 파이 맛있다,치킨 파이 맛있다
24,웅파이,25/06/04,본문,0,긍정,따ksam하게 먹어야 개맛있음,따ksam게 먹어야 개맛있음
24,웅파이,25/06/04,본문,0,부정,저번에 포장했을땐 식어서 쏘쏘였는데 이번에는 맛있다 생각함,저번에 포장했을땐 식어서 쏘쏘였는데 이번에 먹고 개ㅐㅐ 맛있다 생각함
24,웅파이,25/06/04,댓글,1,긍정,맛있겠다,맛있겠다
24,웅파이,25/06/04,댓글,1,중립,혹시 양파 들었을까??!,혹시 양파 들었을까??!
25,웅파이,25/08/27,본문,0,긍정,토마토소스 좋아해서 소고기파이로 먹었는데 빵+미트볼토마토스파게티 먹는 맛이야!,빵+미트볼토마토스파게티 먹는맛이야!
25,웅파이,25/08/27,본문,0,긍정,든든한 간식으로 좋아,든든한 간식으로 좋아
25,웅파이,25/08/27,본문,0,중립,매장이 오븐때문에 더운편이니까 더위 많이타는 송들은 포장추천~,매장이 오븐때문에 더운편이니까 더위 많이타는 송들이
26,웅파이 비프칠리파이,25/09/07,본문,0,중립,가격은 6500원입니다.,6500원 사워크림이랑 칼포크는 따로 주셨다
26,웅파이 비프칠리파이,25/09/07,본문,0,긍정,뜨끈한 부대찌개와 매콤한 토마토베이스 고기가 들어있습니다.,뜨끈하고 안에는 매콤한 토마토베이스 고기 부대찌개콩도 들어있음
27,웅파이 좐맛,25/09/11,본문,0,긍정,맛있다,완전 맛있어
27,웅파이 좐맛,25/09/11,본문,0,긍정,고급진 맛,고급진맛이야
27,웅파이 좐맛,25/09/11,댓글,1,긍정,맛있고 추천 받았다.,"존맛, 굿, 추천"
27,웅파이 좐맛,25/09/11,댓글,1,중립,가격은 6500원.,가격은 6500원
28,웅파이 포장,25/09/15,본문,0,긍정,학교에서 먹을 수 있다는 점이 좋다.,학교 안에서 먹을라고 포장했어
28,웅파이 포장,25/09/15,본문,0,긍정,상품의 맛과 품질에 만족한다.,입 안이 행복했삼 그리고 사장님 친절하삼
28,웅파이 포장,25/09/15,본문,0,부정,오픈 시간을 지키지 않고 문이 늦게 열린다.,10시 오픈인데 오늘 12시에 여신듯?
28,웅파이 포장,25/09/15,본문,0,중립,점심 시간에는 문을 닫고 있다.,아침에 갔을 땐 닫았었음
28,웅파이 포장,25/09/15,본문,0,긍정,할인 쿠폰이 있어서 혜택이 있다.,여기 쿠폰도 모을 수 있고 (10개 파이 1개)
28,웅파이 포장,25/09/15,본문,0,긍정,추천 의견이다.,간단하게 먹을 식사 찾는다면 여기 한 번 둘러보는 거 추천~!
29,다들 웅파이 먹어,25/09/16,본문,0,긍정,매운 맛이 적당하고 잘 먹었다.,따끈따끈하고 너무 맛있었어! 카레 + 닭고기 + 감자 + 치즈 였는데 너무 저ㅏ극적이지 않고 딱 적당히 맛있더라
29,다들 웅파이 먹어,25/09/16,본문,0,긍정,치즈가 잘 녹아 맛있다는 점을 강조했다.,치즈가 쫙crastendet 늘어남
29,다들 웅파이 먹어,25/09/16,본문,0,중립,가격은 적당하다고 느꼈다.,5900원이었고 중식가 기준 적당히 배불렀어!
29,다들 웅파이 먹어,25/09/16,댓글,1,중립,지나갈 때 닫혀있던데.,오늘 지나갈 때 닫혀있던데....
29,다들 웅파이 먹어,25/09/16,댓글,2,중립,처음 가서 잘 모르겠다.,나도 오늘 처음 간거라 잘 모르겠네
29,다들 웅파이 먹어,25/09/16,댓글,2,중립,12시 20분에 갔다.,난 12시 20분쯤 갔어!
30,웅파이,25/09/24,본문,0,중립,간식임 비교해서,아 Ipsum
30,웅파이,25/09/24,본문,0,중립,이삭토스트 비교해서,아 Ipsum
30,웅파이,25/09/24,댓글,1,중립,"한 끼를 의미하는 표현이 있으나, 긍정적이거나 부정적인 평가는 없습니다.",중소식가-살짝 모자란 한 끼
30,웅파이,25/09/24,댓글,1,긍정,간식으로 적합하다는 의미입니다.,중식가 이상-간식
30,웅파이,25/09/24,댓글,2,부정,중식가 정도인데 이삭보다 덜 든든했어,이삭보다 덜 든든했어
30,웅파이,25/09/24,댓글,3,긍정,감사하다,오 고마워
30,웅파이,25/09/24,댓글,4,중립,"약간의 시간이 지났을 때 맛이 좋았다는 의미로 해석할 수 있지만, 확실한 긍정적인 평가라고는 보기 어렵습니다.",이삭보다 든든했어 한 2시간정도 괜찮앗음
30,웅파이,25/09/24,댓글,5,중립,2시간도 안 괜찮아?,이삭이 2시간도안괜찮아?
30,웅파이,25/09/24,댓글,6,부정,가격이 비싸다는 불만을 표현함.,비싸다
30,웅파이,25/09/24,댓글,6,긍정,맛이 좋아서 다시 가고 싶다는 의사를 나타냄.,존맛 | 개맛있다
31,웅파이 비프칠리맛 먹었다,25/10/15,본문,0,긍정,빵은 버터에 잘 구워졌는데 마냥 바삭한거 아니고 쫄깃쫄깃하고 너무 맛났다.,빵은 버터에 잘 구워졌는데 마냥 바삭한거 아니고 쫄깃쫄깃하고 너무 맛났다.
31,웅파이 비프칠리맛 먹었다,25/10/15,본문,0,긍정,속 안은 토마토 비프칠리 맛 그 스파게티 먹을때 익숙한 맛 너무 따끈하고 맛있음.,속 안은 토마토 비프칠리 맛 그 스파게티 먹을때 익숙한 맛 너무 따끈하고 맛있음..
31,웅파이 비프칠리맛 먹었다,25/10/15,본문,0,긍정,추운 날에 국물음식은 안끌리는데 속 토핑 묵직하고 따듯한거 먹고싶으면 먹어봐 뭔가 마음의 허기를 채우는 느낌.,속 토핑 묵직하고 따뜻한거 먹고싶으면 먹어봐 뭔가 마음의 허기를 채우는 느낌ㅎㅎ
32,웅파이<먹던음식 주의>,26/01/09,본문,0,긍정,약간 굶주러갈 때 든든하게 먹을 수 있다.,끼니 놓쳐서 애매할때 든든히 먹기 좋음
32,웅파이<먹던음식 주의>,26/01/09,본문,0,중립,위치가 명확하지 않다.,미방있음
32,웅파이<먹던음식 주의>,26/01/09,댓글,1,중립,가격을 묻는 내용은 중립적인 사실 확인.,가격 얼마야??
32,웅파이<먹던음식 주의>,26/01/09,댓글,1,중립,매장에서 식사를 할 수 있다는 내용은 중립적 정보 제공.,가게에서 먹을 수 있어?
32,웅파이<먹던음식 주의>,26/01/09,댓글,2,중립,가격 정보 제공,"시금치파이 5900원, 영숙파이 5500원, 소세지롤 5000원, 치킨/보스(인도버터커리)/양송이파이 5900원"
32,웅파이<먹던음식 주의>,26/01/09,댓글,3,긍정,이 곳의 음식이 맛있다는 평가,너무 맛있어보이다
32,웅파이<먹던음식 주의>,26/01/09,댓글,4,중립,비프파이 가격은 6500원,가격은 6500원이야
32,웅파이<먹던음식 주의>,26/01/09,댓글,4,긍정,토마토베이스 미트볼처럼 맛있다,.rpmток테베이스미트볼 느낌임!
32,웅파이<먹던음식 주의>,26/01/09,댓글,5,중립,가격이 오른 것이 확인되었다.,지금은 1000원씩 오름!!
32,웅파이<먹던음식 주의>,26/01/09,댓글,5,긍정,맛있다는 것을 시사한다.,서치하다가 남김ㅎㅎ
33,혹시 웅파이,26/03/11,본문,0,부정,오늘은 열었을까 계속 닫혀있어서 못 먹엇는데.., continuosely closed so couldn't eat today..
34,나는 웅파이가 좋아,26/03/12,본문,0,긍정,보스파이가 젤 좋더라,보스파이가 젤 좋더라
34,나는 웅파이가 좋아,26/03/12,본문,0,부정,갈때마다 문 닫혀있길래 오늘 겨우 먹었다,갈때마다 문 닫혀있길래 오늘 겨우 먹었다
34,나는 웅파이가 좋아,26/03/12,댓글,1,중립,여기 한번 가보고 싶은데 보스파이는 뭐 들어있는거야??,여기 한번 가보고 싶은데 보스파이는 뭐 들어있는거야??
34,나는 웅파이가 좋아,26/03/12,댓글,2,긍정,닭고기커리가 맛있다,닭고기커리~~ 감자랑 닭고기 들어가 있어
34,나는 웅파이가 좋아,26/03/12,댓글,3,긍정,맛있다.,존맛
34,나는 웅파이가 좋아,26/03/12,댓글,4,긍정,버섯이 맛있다.,여기 버섯도 맛있어
34,나는 웅파이가 좋아,26/03/12,댓글,5,긍정,다음에 먹어야겠다.,담에 먹어야겠다
35,웅파이 비프파이,26/03/12,본문,0,긍정,맛있게 먹었다.,진짜 맛있게 먹었어
35,웅파이 비프파이,26/03/12,본문,0,긍정,다음에도 또 사먹을듯하다.,다음에도 또 사먹할듯!!
35,웅파이 비프파이,26/03/12,본문,0,중립,가격은 6500원.,가격은 6500원!
36,웅파이 시금치파이 미친놈(P)(먹던사진주의),26/03/25,본문,0,긍정,미리 예약하고 먹어본 뒤 맛있게 느꼈다.,진짜...진짜 미친놈이야 너무 맛있음
36,웅파이 시금치파이 미친놈(P)(먹던사진주의),26/03/25,본문,0,긍정,"영숙파이는 개인적으로 맥모닝 에그머핀 같았고, 시금치파이는 매우 맛있다는 것을 나타냈다.",영숙파이는 맥모닝 에그머핀 같은 느낌? 쏘쏘했어 시금치파이 진짜 미친놈.개맛있음
36,웅파이 시금치파이 미친놈(P)(먹던사진주의),26/03/25,본문,0,긍정,시금치파이는 눈물이 날 정도로 맛있다는 것을 표현했다.,개맛있음 걍 눈물남
36,웅파이 시금치파이 미친놈(P)(먹던사진주의),26/03/25,본문,0,긍정,요리를 먹으러 가려고 숙대까지 오는 것만큼 기쁜 마음을 나타냈다.,이거 먹으려고 숙대온거같음
36,웅파이 시금치파이 미친놈(P)(먹던사진주의),26/03/25,댓글,1,긍정,맛있어보인다.,맛있어보인다..!
36,웅파이 시금치파이 미친놈(P)(먹던사진주의),26/03/25,댓글,1,중립,혹시 네이버로 주문한거야~?,혹시 네이버로 주문한거야~?
36,웅파이 시금치파이 미친놈(P)(먹던사진주의),26/03/25,댓글,2,긍정,찬성,응응 맞아!
36,웅파이 시금치파이 미친놈(P)(먹던사진주의),26/03/25,댓글,3,긍정,감사하다는 표현으로 볼 때 만족하는 기색이 보인다.,알려줘서 고마워
36,웅파이 시금치파이 미친놈(P)(먹던사진주의),26/03/25,댓글,4,중립,가격은 얼마야?,가격은 얼마야?
36,웅파이 시금치파이 미친놈(P)(먹던사진주의),26/03/25,댓글,4,긍정,맛이 상상이 안갑니다. 시금치파이의 맛을 기대합니다.,우와 시금치파이 무슨 맛이야? 이름만으론 맛이 상상이 안가..
36,웅파이 시금치파이 미친놈(P)(먹던사진주의),26/03/25,댓글,5,긍정,가격은 기억이 안나는데 네이버에 나올듯!,가격은 기억이 안나는데 네이버에 나올듯!
36,웅파이 시금치파이 미친놈(P)(먹던사진주의),26/03/25,댓글,5,긍정,시금치랑 달걀이랑 토마토랑 돼지고기가 진짜 미친 황금비율이야..,시금치랑 달걀이랑 토마토랑 돼지고기가 진짜 미친 황금비율이야..
37,웅파이 굳굳~~~,26/04/14,본문,0,긍정,맛이 좋다.,넘 마히씀
37,웅파이 굳굳~~~,26/04/14,본문,0,긍정,추천받는 음식이다.,다들 츄라이츄라이
37,웅파이 굳굳~~~,26/04/14,댓글,1,중립,송이가 무엇인지 묻는 내용으로 중립적입니다.,송이 뭐 묵엇어
37,웅파이 굳굳~~~,26/04/14,댓글,2,긍정,시금치가 훨씬 맛있었다.,왼쪽에 시금치랑 보스파이 먹었는데 갠적으로 시금치가 훨씬 맛있었어!!
37,웅파이 굳굳~~~,26/04/14,댓글,2,중립,시금치의 향이나 맛은 잘 안 나지만 맛이 좋았다.,향이나 맛은 잘 안나는데 맛이 엄청 조화롭다고 해야하나...?
38,웅파이를 이제야 먹은것 반성합니다,26/05/27,본문,0,부정,초기 가격이 비싸게 느껴졌지만,첨에 6900원이래서 좀 비싼가 싶었는데
38,웅파이를 이제야 먹은것 반성합니다,26/05/27,본문,0,긍정,맛있었다.,맛있어서 ㅇㅈ함!!!
38,웅파이를 이제야 먹은것 반성합니다,26/05/27,댓글,1,부정,버섯 싫어해서 아직 못먹해봤어,버섯 싫어해서 아직 못먹어봤어
38,웅파이를 이제야 먹은것 반성합니다,26/05/27,댓글,1,긍정,크림스프는 너무 좋아,크림스프는 너무 좋아하는데
38,웅파이를 이제야 먹은것 반성합니다,26/05/27,댓글,3,긍정,감사하다는 뜻으로 긍정적인 감정을 나타냄,고마워!!
38,웅파이를 이제야 먹은것 반성합니다,26/05/27,댓글,3,중립,좋은 하루를 기원하는 일반적인 인사 문구,좋은하루보내
38,웅파이를 이제야 먹은것 반성합니다,26/05/27,댓글,4,긍정,식어도 맛있을거 같아,식어도 맛있을거같아
38,웅파이를 이제야 먹은것 반성합니다,26/05/27,댓글,4,부정,엄마 드리고 싶은데 집이 멀어서,엄마 드리고싶은데 집이 멀어서..
38,웅파이를 이제야 먹은것 반성합니다,26/05/27,댓글,5,긍정,치즈 굳으면 좀 맛이 떨어질것 같긴 하지만 에프 돌리면 ㄱㅊ을 것 같아!!,치즈 굳으면 좀 맛이 떨어질것 같긴 하지만 에프 돌리면 ㄱㅊ을 것 같아!!
38,웅파이를 이제야 먹은것 반성합니다,26/05/27,댓글,6,중립,감사합니다.,고마워
38,웅파이를 이제야 먹은것 반성합니다,26/05/27,댓글,7,부정,느끼한 편이야,느끼한 편이야?
38,웅파이를 이제야 먹은것 반성합니다,26/05/27,댓글,8,긍정, 까르보나라 좋아해서 그런가 딱히 느끼하진 않았던 것 같아!,난 원래도 까르보나라 좋아해서 그런가 딱히 느끼하진 않았던 것 같아!
38,웅파이를 이제야 먹은것 반성합니다,26/05/27,댓글,8,부정,느끼한거 별로안좋아하면 헤비할수도..,근데 느끼한거 별로안좋아하면 헤비할수도..
