긍정 요인,언급 수,대표 의견,근거 예시
맛,27,음식이 매우 맛있어서 많은 사람들이 다시 먹고 싶다는 의견을 나타냈습니다.,존맛 | 개맛있다 | 다음에도 또 사먹을듯!! | 정말 맛있어보이다
시금치파이,5,시금치 파이가 매우 맛있었다는 의견들이 집계되었습니다.,개맛있음 걍 눈물남 | 왼쪽에 시금치랑 보스파이 먹었는데 갠적으로 시금치가 훨씬 맛있었어!!
버섯의 맛,2,버섯이 맛있다는 의견들이 나타났습니다.,여기 버섯도 맛있어 | 우와 시금치파이 무슨 맛이야? 이름만으론 맛이 상상이 안가..
빵의 구운 정도,2,빵은 쫄깃쫄깃하게 잘 구워져서 맛있다는 의견들이 나타났습니다.,빵은 버터에 잘 구워졌는데 마냥 바삭한거 아니고 쫄깃쫄깃하고 너무 맛났다. | 해피타임때 이 파이 먹으려고 숙대까지 왔다가 배고프지 않은데 파이 하나만 먹었음.
추천,2,다른 사람들에게 추천 받는 음식이라고 의견들이 나타났습니다.,간단하게 먹을 식사 찾는다면 여기 한 번 둘러보는 거 추천~! | 다들 츄라이츄라이
맛과 품질,2,음식이 입안에 행복을 주고 사장님이 친절했다는 의견들이 나타났습니다.,입 안이 행복했삼 그리고 사장님 친절하삼 | 맛있어보인다..!
추운 날에 먹기 좋음,2,추운 날씨에 따뜻한 음식을 먹고 싶을 때 이곳의 음식이 좋다는 의견들이 나타났습니다.,속 토핑 묵직하고 따듯한거 먹고싶으면 먹어봐 뭔가 마음의 허기를 채우는 느낌 | 여기서 뜨끈뜨끈하게 먹으려고 와봤음.
치즈의 녹음,2,치즈가 녹아내려져 맛있다는 의견들이 나타났습니다.,.rpmтокте베이смильт的感觉不对，应该修正为“치즈가 쫙crastented 늘어남” | 치즈가 쫙crastented 늘어남
추운 날씨에 드실 만함,1,추운 날씨에 따뜻한 음식을 먹기 좋다는 의견이 나타났습니다.,여기서 뜨끈뜨끈하게 먹으려고 와봤음.
추천받은 식사,1,다른 사람들에게 추천 받은 음식이 맛있다는 의견이 나타났습니다.,간단하게 먹을 식사 찾는다면 여기 한 번 둘러보는 거 추천~!
추천받음,1,다른 사람들이 이 음식을 추천한다고 말한 의견이 나타났습니다.,다들 츄라이츄라이
