대분류,세부 주제,의견 유형,주요 의견,언급 수,근거 예시
가격·구성,가격 부담,불만,가격이 비싸다는 불만이 많은 편입니다.,6,"- 하지만 가격이 너무 비싸서 다음에는 안 가겠어요. | - 처음에 6500원이라서 좀 비싸다고 생각했는데 먹다보니 이해가는 가격이었各种各样，这里有一个基于给定评论的 JSON 格式回答。请注意，由于翻译和实际内容的差异，部分表达可能无法完全对应到原文中，但已经尽量准确地反映了主要观点和支持这些观点的句子数量：`` - 비프파이는 6,500원, 양송이파이는 5,900원 | - 비프파이는 6,500원, 양송이파이는 5,900원"
가격·구성,가성비,긍정,가성비가 좋습니다.,10,"가격대도 딱 좋은 것 같아요 가성비 좋은 #간식추천! | 이 정도면 가성비 너무 좋은 거 아니냐고 ㅠㅠ | 한 개만 먹어도 정말 든든하고 맛있어서, 여러모로 만족도가 높아 무조건 재방문하게 될 | 두개밖에 못먹은게 너무 아쉽… | 5~6천원대의 가격으로 요즘 물가에 정말 적당한듯 싶고, 파이를 두개 구매하면 에이드가 무료라는 개이득 행사를 진행중이니 정확히 가성비있게 식사와 음료까지 해결이 가능하다."
가격·구성,가성비,불만,파이 한 개는 너무 적다.,2,"두개밖에 못먹은게 너무 아쉽… | 한 개만 먹어도 정말 든든하고 맛있어서, 여러모로 만족도가 높아 무조건 재방문하게 될"
가격·구성,가성비,중립,가격 대비 양이 적어서 가성비가 좋지 않아요.,1,가격 대비 양이 적어서 가성비가 좋지 않아요. 조금 더 싼 가격에 많이 먹을 수 있을 것 같아요.
가격·구성,배달비,중립,"배달비는 포함되어 있지 않지만, 파이 구매 시 에이드를 무료로 제공한다.",2,파이 두개 구매시 에이드 한잔이 무료하고 합니다 ㅎㅎ 완전 혜자이지 않습니까? | 쿠폰 도장 10개를 모으면 파이 1개가 무료래요
가격·구성,배달비,긍정,배달 서비스가 뜨끈한 상태로 도착한다.,1,'집까지 오는데 한 20분 걸렸는데 아직도 뜨겁고 치즈가 쭈욱 늘어나서'
가격·구성,세트,긍정,가격과 구성이 좋은 세트를 제공한다.,5,"파이 4개 사면 무료증정이니 맛난 파이도 먹고, 튼튼한 돗자리도 받으면 일석이조 ~! | bió: 파이 두개 구매시 에이드 한잔이 무료하고 합니다 ㅎㅎ 완전 혜자이지 않습니까? | 파이 1개당 스탬프 1개 적립! 10개를 모으면 파이 1개를 받을 수 있구요, | 영수증 리뷰 시 음료를 제공받을 수 있으며, 딸기잼이나 케첩은 무료로, 스리라차 소스나 샤워크림은 500원을 추가하고 구매할 수 있습니다. | 비프파이와 양송이파이를 시켰습니다"
가격·구성,세트,긍정,다양한 메뉴를 제공한다.,3,총 8종의 파이가 있고 같이 마시면 합이 좋은 상큼달달한 에이드도 있습니다. | 비프파이와 양송이파이! 시그니처 메뉴로 주문해서 대기 했어요 | 라임모히또 에이드
가격·구성,세트,긍정,학생들을 위한 혜택을 제공한다.,2,숙대 학생들을 위한 할인행사도 하고 있었다. | 비프파이와 양송이파이를 시켰습니다
가격·구성,최소주문,중립,주문량에 대해 고민한 후 적절히 주문했다는 의견을 나타냈습니다.,2,"- 마지막까지 고민한 보스파이 너는 다음에 먹어줄게. | - 원래는 한 5-6개 시켜서 식사로 할랫지만,, 밥을 먹고 왔기에 하나씩 먹었다ㅋㅋㅋ"
가격·구성,최소주문,불만,주문한 양이 적게 느껴진다는 불만을 나타냈습니다.,1,- 2개는 조금 많을 것 같고(먹을 순 있겠음) 1.5개로 먹으면 배찰 것 같았어요.
가격·구성,최소주문,긍정,"파이의 크기가 큰데, 이로 인해 만족감을 나타냈습니다.",1,- 생각보다 더 미트파이가 커서 침 줄줄 흘리고 있었다네요
공간·접근성,매장 찾기,긍정,매장 위치가 편리하여 쉽게 찾을 수 있다는 의견.,4,"- 숙대입구역에서 도보 7분정도 올라가면 있어요 | - 위치: 서울특별시 용산구 청파로47길 77 | - 숙대입구역 9번 또는 남영역 1번 출구 이용 서울 용산구 청파로47길 77 | - 숙대 앞이라 맛있는 메뉴들도 많고 대학가라 가성비도 좋고, 특히 히든 디저트 맛집들이 많더라구요."
공간·접근성,매장 찾기,긍정,매장 외관과 인테리어가 깔끔하고 귀여워서 선물용으로도 적합하다는 의견.,3,"- 건물 외관은 무광 블랙으로 되어있어서 한눈에 발견할 수 있습니다! | - 매장 입구부터 귀여운 캐릭터가 눈에 띄는데, 이 캐릭터가 그려진 박스에 담아주는 포장 패키지도 아주 깔끔하고 귀여워서 선물용으로도 괜찮겠다는 생각이 들었어요 | - 숙대정문 근처로 블랙의 깔끔한 외관의 웅파이 사실적인 파이사진들과 함께 여러가지 파이들의 종류를 가게 밖에서 확인하고 들어갈 수 있어서 좋았음"
공간·접근성,분위기,긍정,분위기가 좋고 편안하게 런치를 즐길 수 있다.,4,내부는 블랙&화이트 톤으로 매우 깔끔했고 내부에는 먹고 갈수 있는 테이블 자리도 예쁜 그림액자들과 함께 3자리 있어서 먹고 갈수도 있었다 | 카페 같았습니다. | 这样一席之地에서 편안하게 런치를 즐길 수 있어 좋았습니다 ㅎㅎ | 요런 갬성 액자들도 있고 혼밥하기 좋다。
공간·접근성,분위기,중립,내부 공간은 아담하다.,2,내부는 아담하다 먹고갈 수 있는 하이체어가 3개가 있다。 | 다원레스토랑 식당 안에 미니연못?있고 그 안에 붕어있음。
공간·접근성,분위기,불만,내부 공간이 협소하다.,1,내부 공간은 조금 협소한 편이에요
공간·접근성,위치,긍정,숙대입구역에서 가까운 위치에 있어 쉽게 찾을 수 있다.,8,"숙명여대 정문으로 간다는 생각으로 걷다가 좌측으로 보면 웅파이가 있다. | 숙명여대 정문에서 도보 1분 거리에 있어요. | 숙명여대 정문 바로 아래 숙명카피사 바로 옆에 위치해있습니다. | 숙대입구역에서 숙대로 올라가는 길목, 학생들이 삼삼오오 오가 | 서울 용산구 청파로47길 77 (청파동2가) 1층 웅파이 숙대입구점 | 숙명여대 정문에서 면식당과 숙명카피사 사이에 있습니다. | 서울 용산구 청파로47길 77 | 숙대입구역 9번 출구 또는 남영역 1번 출구에서 걸어서 5분에서 10분 정도 걸립니다."
공간·접근성,위치,중립,"접근성에 대한 상세한 평가 없음, 기본적인 위치 정보 제공.",3,- 숙대 올라가는 언덕쪽에 있어서 접근성은 예전보다 살짝 아쉽긴 하지만 | - 웅파이 숙대입구점은 리터럴리 숙대 입구에 있음 ㅎㅎ | - 큰길가에 위치해서 찾아가기 쉽다는 것이 장점!
공간·접근성,위치,불만,접근성이 예전보다 떨어진다고 말함.,1,- 숙대 올라가는 언덕쪽에 있어서 접근성은 예전보다 살짝 아쉽긴 하지만
공간·접근성,좌석,긍정,좌석이 적지만 혼밥에 적합하다.,5,내부는 작지만 알CHED아. 3자리가 있어서 혼밥할 수 있고 포장도 가능한 곳이었다. | 내부에는 앉아서 먹을 수 있는 자리가 세 자리 정도 있습니다. | 매장 내부 좌석 | 좌석은 세 자리 정도 있어서 간단히 먹고 갈 수 있는 정도 였어요
공간·접근성,좌석,중립,내부는 작은 공간이지만 깔끔하고 아담하다.,4,매장은 아담한 매장이에요. 앉아서 먹을 수 있는 자리는 3자리이고. | 내부는 작지만 알CHED아. 3자리가 있어서 혼밥할 수 있고 포장도 가능한 곳이었다. | 내부에는 앉아서 먹을 수 있는 자리가 세 자리 정도 있습니다. | 매장 내부는 아담하고 깔끔한 구조로 되어 있다. 먹고 갈 수 있는 좌석은 총 3자리.
공간·접근성,좌석,불만,좌석이 부족하여 혼밥에 불편함을 느낀다.,1,매장 내부 좌석
공간·접근성,청결,불만,내부가 어두워 헷갈리는 경우가 많다.,1,- 내부가 전체적으로 어두우면서 복잡한데 간판도 잘 안 보여 헷갈리는 경우가 많아 이 부분이 좀 아쉬웠어요.
공간·접근성,청결,중립,테이블 배치는 작지만 공간은 넓지 않다.,1,"- 내부는 넓지 않구, 먹고 갈수 있는 공간은 작게 벽면을 바라보는 테이블로 있어요."
공간·접근성,청결,긍정,소품들이 가게를 아기자기하게 만든다.,1,- 귀여운 소품들이 이 가게를 더 아기자기하게 느껴지게 했다는
맛·제품,맛,긍정,음식이 맛있다.,30,"생각보다 너무 맛있었던거시다!! | 비프파이는 한입 베어 물면 바삭한 페이스트리 안에 촉촉한 고기 속이 꽉 차 있는데, 고소하면서도 묵직한 풍미가 정말 만족스러웠어요. | 비프파이는 웅파이 시그니처 메뉴로 소고기와 토마토 소스가 들어감. 향신료는 타임이 들어가있다."
맛·제품,맛,긍정,피에 고기가 많다.,13,"비프파이는 한입 베어 물면 바삭한 페이스트리 안에 촉촉한 고기 속이 꽉 차 있는데, 고소하면서도 묵직한 풍미가 정말 만족스러웠어요. | 비프파이는 웅파이 시그니처 메뉴로 소고기와 토마토 소스가 들어감. 향신료는 타임이 들어가있다. | 비프파이를 먹고 그 고정관념이 산산조각.... 파이가 아니라 유명 식당에서 스테이크랑 고급 빵 같이 입에 넣고 먹는 것 같은 그런 기분이랄까요."
맛·제품,맛,긍정,배부름을 느낀다.,8,"하나만 먹어도 솔직히 배부름. 포만감 장난아니고. | 비프파이는 한입 베어 물면 바삭한 페이스트리 안에 촉촉한 고기 속이 꽉 차 있는데, 고소하면서도 묵직한 풍미가 정말 만족스러웠어요. | 보스 파이 맛있는 냄새가 솔솔 나더라구요. 한입 먹어보니 정말정말 맛있는 보스 파이에요."
맛·제품,맛,중립,맛과 포장에 대한 평가가 섞여 있다.,7,테이크아웃을 해오니 아주 귀여운 상자에 따뜻하게 잘 데워진 파이를 담아주셨어요. | 비프파이는 웅파이 시그니처 메뉴인데 기본에 충실한 맛이었다. | 비프까스 고기맛이 진함.
맛·제품,맛,긍정,치즈와 양송이의 맛도 좋다.,6,"비프파이는 풍부한 소고기와 감칠맛 나는 소스가 가득 들어 있어, 한 입 베어 물면 육즙이 가득 터지는 느낌이었습니다. | 양송이 파이가 좀 더! 특색있고 맛있더라구요! | 비프파이는 웅파이 시그니처 메뉴인데 기본에 충실한 맛이었다."
맛·제품,맛,중립,요리의 종류가 다양하다.,2,"비프파이, 양송이 파이 등 다양한 메뉴가 준비되어 있어요. | 비프와시금치로 볼터치한 웅파이!! 그리고 새콤한게 땡겨서 주문한 자몽에이드!"
맛·제품,메뉴별 평가,긍정,비프파이와 칠리파이 모두 맛있다.,7,"비프칠리파이 갓 구운거 먹으니까 존맛탱... 진짜 진짜 맛있고, 안에 비프도 많이 들어있어서 놀랫음. 넘쳐흐름. 여기에 사워크림 묻혀서 먹으니까 더 맛있어... | 비프파이 6,500원 양송이 파이 5,900원 라임모히토에이드 4,500원 | 비프칠리는 매콤함이 강하지 않고,딱 소고기의 느끼함을 잡아주는 정도여서 맛있게 먹을 수 있었어요. | 보스 파이 칼로 잘라보니 빵 부분이 페스츄리처럼 엄청 부드러웠어요. 비프 칠리 파이는 살짝 맵기가 있는 파리더라구요."
맛·제품,메뉴별 평가,긍정,양송이파이와 미트파이의 재료가 풍부하다.,4,"보스파이는 인도버터커리와 닭고기가 들어간 파이에요. | 비프칠리는 안에 토마토와 베이크드빈스, 소고기가 칠리소스와 함께 들어있어요. | 미트파이... 놀랍게도 안에 토마토소스 베이스의 미트파이를 보여주려고 단면을 자른건데 네... 그렇게 되었어요.. | 치즈의 고소함과 양송이의 풍미가 어우러져서 마치 바삭한 양송이스프를 먹는 느낌이랄까"
맛·제품,메뉴별 평가,중립,비프파이의 가격 대비 성능은 중립적 평가.,1,"비프파이 6,500원 양송이 파이 5,900원 라임모히토에이드 4,500원"
맛·제품,속 재료,긍정,속재료가 많이 들어간 음식을 선호한다.,7,"두개다 치즈가 낙낙히 들고 속재료가 얼마나 아낌없이 들었는지 | 치즈가 들어 있어서 이렇게 쯧-END LINE 늘어나는 치즈를 한눈에 확인할 수 있습니다 | 비프파이는 풍부한 소고기와 감칠맛 나는 소스가 가득 들어 있어, 한 입 베어 물면 육즙이 가득 터지는 느낌이었습니다. | 속을 갈라보면 먹음직스러워 보이는 미트 필링으로 가득차 있따! | 비프파이 안에는 이렇게 소고기와 토마토소스가 들어갑니다. | 양송이 파이는 바삭한 파이 안에 묵직하고 고소한 크림과 양송이 버섯이 가득! | 미트파이 속에 있는 속재료들이 질척함이라곤 전혀 없이(당연히 퍽퍽함도"
맛·제품,속 재료,중립,각 종류의 파이가 다양한 토핑과 소스를 사용한다.,6,"비프파이 - 웅파이 시그니처 메뉴로 소고기와 토마토 소스가 들어감. | 시금치, 돼지고기, 계란, 토마토소스가 어울어져있는데 / 완숙토마토와 소고기를 장시간 끓여서 파이속에 넣은 미트파이 | 비프파이는 라구소스나 라자냐를 좋아하신다면, 실패 없이 맛있게 먹을 수 있는 맛이었다. | 토마토소스에 볶아진 고기와 야채들이 한가득 들어있었어요🫢 | 비프파이를 반 쫙 갈라보면 웅파이의 시그니처 메뉴답게 다진 소고기와 토마토 소스가 가득했다. | 완숙토마토와 소고기를 장시간 끓여낸 매콤칠리맛 사워크림과 함께 먹으니 육즙 가득한 고기와 조화롭습니다."
맛·제품,속 재료,긍정,재료가 신선하고 고급스러운 것으로 만들어진 음식을 선호한다.,3,국내산 닭가슴살+양파+으깬감자+모짜렐라치즈+펜넬씨드+케이엔페퍼+패스츄리 | 비프 파이 안에는 이렇게 소고기와 토마토소스가 들어갑니다. | 완숙토마토와 소고기를 장시간 끓여낸 매콤칠리맛 사워크림과 함께 먹으니 육즙 가득한 고기와 조화롭습니다.
맛·제품,식감,긍정,겉바속촉,6,"- 패스츄리도 부드러우면서 바삭하규 버터리한 향이 나서 좋더라구여❤️ | - 코에서 나오는 휴지 웃김 ㅋㅋㅋㅋㅋㅋㅋㅋㅋㅋㅋㅋ | - 파이가 정말 맛있어요 / 파이가 정말 살아있는 파이예요 | - 특히 겉은 바삭, 속은 촉촉한 이 특유의 식감 때문에, 한 번 먹으면 계속 생각나는 맛이었습니다。 | - 파이 반죽도 퍼석하지 않고 부드러워 식감이 좋음。 | '겉 페스츄리가 바삭한데 내용물이 부드러워서'"
맛·제품,식감,불만,바삭하다,1,- 겉이 바작바작해서 소리가 담겼으면 좋았을걸🏽查看详情
맛·제품,양·포만감,긍정,양이 많아 배가 매우 충족된다.,30,정말 한끼 식사대용으로 충분할만큼 양도 많아서 배불렀다 | 한 번도 먹어보지 못한 맛 속이 가득차서 반만 먹어도 배부르더라구요 | 두 개를 비교해 보면 요런 느낌입니다!
맛·제품,양·포만감,불만,"한개로는 부족하다, 배가 차지 않으므로 추가 구매 필요.",18,한 개로는 부족해요. 배가 안 차요. | 한 개로는 부족해요 배가 안 차요 | 두 개를 비교해 보면 요런 느낌입니다!
맛·제품,양·포만감,중립,양이 적당하지만 추가 구매 여부는 개인에 따라 다름.,5,한 개로는 부족해요. 비주얼도 예쁘게 차려진 | 일반적으로 혼자 먹는다면 식당에서 나오는 1인분보다는 조금 덜 먹는 편이다. | 한개로는 부족해요. 배가 안 차요
맛·제품,온도,긍정,파이의 온도가 매우 좋습니다.,10,파이들이 모두 방금나온것 마냥 따끈따끈했다 | 주문 즉시 만들어주셔서 그런지 파이가 정말 뜨뜨뜨근 하다! | 아뜨거~~!
배달·포장,누락,중립,배달 또는 포장 주문 시 다양한 메뉴를 선택할 수 있다는 점.,3,다음번엔 미리 소세지롤을 주문하고 가보려고 해요! | '비프파이하나랑 양송이 파이 궁금해서 시켜봤다' | 4주년 기념으로 파이 4개 구매시 귀여운 돗자리를 주시니 참고하세용~~
배달·포장,도착 상태,긍정,파이가 따뜻하게 도착하여 맛있게 먹을 수 있다는 만족감.,8,"테이크아웃을 해오니 아주 귀여운 상자에 따뜻하게 잘 데워진 파이를 담아주셨어요. | 완전 크리미해요! | 파이가 따끈하다못해 뜨거움을 유지하고 있어서 신기했어요..! | 집에 도착하자마자 기대감에 부풀어 파이를 꺼냈다. 아직 온기가 살짝 남아있어서 더 좋았다. | 집에와서 잠깐 할일하고 꺼냈는데, 아직도 너무 따ksam~하더라구요?? | 포장된 상자 위에 스티커로 어떤 메뉴인 지 표시가 되어 있기 때문에,헷갈리지 않을 수 있었어요!"
배달·포장,도착 상태,긍정,좋은 포장을 받았다는 만족감.,5,"애플망고에이드는 포장해서 오느라 셀까봐 걱정했는데 집에와서 보니 포장을 아주 잘해주셨더라구요 센스만점! | 포장된 상자 위에 스티커로 어떤 메뉴인 지 표시가 되어 있기 때문에,헷갈리지 않을 수 있었어요! | 애플망고 에이드까지 야무지게 챙겨서 포장해서 갔답니다! | 비프칠리파이,양송이파이,자몽에이드 주문했어요. | 라임모히토 에이드는 상큼달달하니 청량감이 최고였습니다 🍋‍🟩🥤"
배달·포장,배송 지연,불만,배송이 지연되어 불편함을 느꼈다.,6,"- 배달이 늦어서 | - 배달이 늘 늦어서 아쉬웠어요. 배달 시간을 줄여주셨으면 좋겠어요. | - 집에와서 잠깐 할일하고 꺼냈는데, 아직도 너무 따ksam~하더라구요?? | - 주문하면 25분 기다려야한다는 오픈형 파이인 시금치파이 주문! | - 배달이 늦어서 | - 배달이 늘 늦어서 아쉬웠어요. 배달 시간을 줄여주셨으면 좋겠어요."
배달·포장,파손,긍정,상품의 파손 없음,1,박스 하나에 두개가 꽉찬다 진짜 파이사이즈 가감없다 넘 귀요미
배달·포장,포장,긍정,포장된 음식과 음료가 잘 포장되어 있어 고객 만족을 위한 노력을 인정받습니다.,6,"- 청포도에이드는 포장해서 오느라 셀까봐 걱정했는데 집에와서 보니 포장을 아주 잘해주셨더라구요 센스만점! | - 예쁘게 잘 포장해주시고, 데워먹는 방법과 쿠폰까지 찍어주셨다! | - 애플망고에이드는 포장해서 오느라 셀까봐 걱정했는데 집에와서 보니 포장을 아주 잘해주셨더라구요 센스만점! | - 청포도에이드 4,500원 달달하고 상큼해서 파이와 함께 먹기 딱이었던 에이드!! 에이드는 포장해서 가져가는 동안 혹시 쏟아지거나 흘릴 염려 때문인지 음료 입구위에 따로 흰 종이호일같은 포장으로 한겹이 덮여서 포장되어 있어요 | - 애플망고에이드는 포장해서 오느라 셀까봐 걱정했는데 집에와서 보니 포장을 아주 잘해주셨더라구요 센스만점! | - 예쁘게 잘 포장해주시고, 데워먹는 방법과 쿠폰까지 찍어주셨다!"
서비스,누락 대응,긍정,누락된 제품을 친절하게 대응하여 추가로 제공해 준 경험.,1,'가장 친절하신 사장님 덕분에 다행히 누락된 파이를 추가로 주문하고 먹을 수 있었습니다.'
서비스,메뉴 설명,긍정,메뉴 설명이 상세해서 메뉴 선택이 편리하다.,7,"하나하나 재료에 대한 설명이 잘 붙어있고, 심지어 향신료가 뭐가 들어가는지까지 친절하게 써있어서 결정하기 편했다. | 벽면에도, 쇼케이스에도 적혀있었구 내용물이 안보이다 보니까 어떤 재료가 들어갔는지 상세하게 적혀있어서 메뉴 선택도 수월했당! | 메뉴에 대한 자세한 설명은 이쪽에서 확인 가능해요 속재료로 어떤 게 들었는지, 어떤 메뉴가 시그니처인지 확인할 수 있습니다"
서비스,응대,긍정,서비스가 친절하고 빠르다.,8,"""사장님께선 친절하게도 보스파이도 추천해주셨다"" | 웨이팅 걸려서 좀 기다림.. | 사장님이 도장을 찍어주심 대박 10개 먹으믄 하나가 공짜임 | 스티커가 붙여져있어요 ! 센스 👍"
서비스,응대,긍정,메뉴 선택과 설명이 도움이 된다.,4,"매장 소개를 읽으면서 어떤 것을 먹을 지 한참 고민했답니다. | 요정을 이용해 메뉴를 고르다 뭔가 물어보려고 했는데, 직원분께서 먼저 말씀하시더라고요. | 스HOW케이스에는 파이 종류와 어떤 게 들어있는지 설명이 잘 되어있고 향신료도 기재되어 있어서 메뉴를 선택하는데 많은 도움이 되었습니다. | 메뉴판도 함께 놓여있어 매장에 들어가기 전 메뉴를 한 번 훑어보기 좋을 것 같았다."
서비스,응대,불만,주문 대기 시간이 길다.,1,웨이팅 걸려서 좀 기다림..
운영,대기시간,긍정,대기 시간은 길지만 맛 때문에 참을 수 있었다.,1,그치만 괜차나 맛있어서 참을 수 있었음
운영,영업시간,중립,영업시간이 월~토요일은 일정하며 일요일 휴무.,9,월-금 8:00-19:00 토 10:00-19:00 / 일 휴무 | 📍영업시간: 10:00 - 19:00 | 莜帕이 숙대입구점 영업시간: 월~금 08:00~19:00(L.O. 18:30) 토 10:00~19:00(L.O. 18:30) 일요일 휇休无
운영,임시휴무,긍정,서비스가 친절하고 설명이 명확하다.,2,이 식당의 서비스는 매우 친절했고 | 직원분이 설명도 아주 명확했습니다. | 직원의 설명이 매우 명확합니다
운영,임시휴무,긍정,,1,음식 맛이 아주 좋았고 특히 그 소고기 파이는 정말 맛있었습니다
운영,임시휴무,불만,음식 맛이 아주 좋습니다.,1,다만 가격이 조금 비싼 편입니다.
운영,품절,불만,제품 품절에 대한 불만,2,"몇 몇 파이들은 품절상태였어요 | 시금치파이, 영숙파이, 소세지 롤은 오픈형 파이로 25분 정도 소요된다고 ㄷㄷㄷ"
이용 상황·구매동기,공강,긍정,주요 고객 의견 : 4주년 기념으로 파이 구매 시 특별한 혜택을 제공받았습니다.,1,4주년 기념으로 파이 4개 구매시 귀여운 돗자리를 주시니 참고하세용~~
이용 상황·구매동기,재구매,긍정,다시 방문하고 싶어함,3, 한번 더! |  수제 미트파이가 맛있는 숙대 맛집 웅파이 추천드립니다👍 |  왕왕 추천 드립니다
이용 상황·구매동기,첫 방문,중립,처음 방문하는 지역에 위치한 웅파이 숙대입구점.,1,저도 처음 방문해보는 지역인데요
이용 상황·구매동기,첫 방문,긍정,새로 오픈한 웅파이 숙대입구점의 깔끔하고 심플한 외관을 긍정적으로 평가.,1,올해 학기초에 새로 오픈해서 깔끔하고 심플한 외관의 웅파이 숙대입구점이에요!
이용 상황·구매동기,첫 방문,긍정,미트파이가 한국인 입맛에 맞게 만들어졌다는 평가.,1,"저는 이전에 먹었던 미트파이와는 다르게, 좀 더 한국인의 입맛에 맞게 만들어진 파이인 것 같아요!"
