대분류,세부 주제,추출 건수,등장 문서 수
맛·제품,맛,81,47
맛·제품,식감,19,18
맛·제품,속 재료,38,33
맛·제품,양·포만감,74,56
맛·제품,온도,14,14
맛·제품,메뉴별 평가,48,21
가격·구성,가격 부담,14,13
가격·구성,가성비,35,35
가격·구성,세트,20,15
가격·구성,사이드,1,1
가격·구성,최소주문,13,8
가격·구성,배달비,19,11
서비스,응대,36,32
서비스,메뉴 설명,12,12
서비스,주문 처리,6,6
서비스,누락 대응,20,20
공간·접근성,좌석,17,17
공간·접근성,청결,5,5
공간·접근성,분위기,10,9
공간·접근성,위치,41,39
공간·접근성,매장 찾기,19,17
운영,영업시간,22,22
운영,임시휴무,20,20
운영,품절,2,2
운영,대기시간,6,3
배달·포장,도착 상태,22,13
배달·포장,눅눅함,0,0
배달·포장,파손,2,2
배달·포장,포장,12,12
배달·포장,누락,13,13
배달·포장,배송 지연,15,14
이용 상황·구매동기,공강,0,0
이용 상황·구매동기,점심,0,0
이용 상황·구매동기,간식,0,0
이용 상황·구매동기,식사대용,0,0
이용 상황·구매동기,첫 방문,9,9
이용 상황·구매동기,재구매,18,18
기타·판단 불가,기타·판단 불가,22,13
