source_file,category,topic,original_expression,integrated_keyword
034_logos_rvv_223860742052.txt,맛·제품,맛,노릇노릇 아주 맛있어 보이는 파이입니다.,맛
034_logos_rvv_223860742052.txt,맛·제품,속 재료,비프 파이 안에는 이렇게 소고기와 토마토소스가 들어갑니다.,속재료
034_logos_rvv_223860742052.txt,맛·제품,양·포만감,따뜻하다 못해 살짝 뜨끈했습니다. 묵직하고 고기가 잔뜩 들어가서 그런지 든든해서 식사 대용으로도 가능한 비프 파이입니다.,양부족
034_logos_rvv_223860742052.txt,맛·제품,온도,따뜻하다 못해 살짝 뜨끈했습니다.,온도
034_logos_rvv_223860742052.txt,가격·구성,세트,총 8종의 파이가 있고 같이 마시면 합이 좋은 상큼달달한 에이드도 있습니다.,세트
034_logos_rvv_223860742052.txt,서비스,응대,,기타·판단 불가
034_logos_rvv_223860742052.txt,공간·접근성,위치,숙대가 한강이랑 가까우니까 한강 간식으로 포장해서 맛있게 먹었는데,위치
034_logos_rvv_223860742052.txt,운영,영업시간,[영업시간] 평일 08:00 ~ 19:00 토 10:00 ~ 19:00 일 휴무 (라스트오더 18:30),영업시간
034_logos_rvv_223860742052.txt,배달·포장,도착 상태,,기타·판단 불가
