source_file,topic,evaluation,evidence,need_type,need
012_madebykyungeui_223979584557.txt,매장 위치,긍정,숙대입구역 9번 또는 남영역 1번 출구 이용,없음,
012_madebykyungeui_223979584557.txt,메뉴 종류,긍정,웅파이는 다양한 수제 파이를 판매 중이었다.,없음,
012_madebykyungeui_223979584557.txt,영업 시간,긍정,매일 오전 10시 ~ 오후 7시,없음,
012_madebykyungeui_223979584557.txt,포장 및 배달 서비스,긍정,매장 밖에는 웅파이의 다양한 파이 종류를 한눈에 확인할 수 있는 배너와 메뉴판도 함께 놓여있어,없음,
012_madebykyungeui_223979584557.txt,메뉴 설명,긍정,"메뉴 이름과 가격, 메뉴 설명에 대한 안내도 자세하게 적혀 있었다.",없음,
012_madebykyungeui_223979584557.txt,비프 파이의 식감 및 맛,긍정,"겉은 바삭하고 속은 부들부들 촉촉 💦, 소고기가 완전하게 푹 익은 덕인지 비프 파이를 먹는 내내 걸리는 것 없이 부드럽게 먹을 수 있다는 점도 좋았다.",없음,
012_madebykyungeui_223979584557.txt,양송이 파이의 식감 및 맛,긍정,통통한 양송이도 가득해서 먹는 내내 꾸덕한 크림소스와 함께 느껴지는 담백한 버섯의 맛이 조화롭게 느껴졌다.,없음,
012_madebykyungeui_223979584557.txt,매장 내부 공간,불만,홀 공간은 협소한 편이었다.,추론한 가설,더 넓고 여유로운 매장 공간을 원하는 것
012_madebykyungeui_223979584557.txt,이벤트 내용,긍정,파이 4개 이상 구매 시 휴대용 돗자리가 증정되는 이벤트를 진행 중이었다.,없음,
012_madebykyungeui_223979584557.txt,간식으로의 적합성,긍정,"간식으로 간단하게 먹기에도 좋고, 테이크 아웃으로 포장해가도 좋을 것 같았던 수제 파이 맛집",없음,
012_madebykyungeui_223979584557.txt,메뉴 선택의 자유,긍정,취향에 따라 골라 먹기 좋아 보였다.,없음,
012_madebykyungeui_223979584557.txt,서비스 접근성,중립·판단 불가,매장 밖에는 웅파이의 다양한 파이 종류를 한눈에 확인할 수 있는 배너와 메뉴판도 함께 놓여있어,없음,
012_madebykyungeui_223979584557.txt,영수증 이벤트,긍정,"레몬에이드 ￦4,500, 🍋 레몬에이드 ￦4,500",없음,
