section,group_id,standard_topic,consolidated_summary,grouping_status,record_count,source_count,evaluation_counts,need_type_counts,topic_variants,need_variants,source_files,evidence_samples
TOPIC,T01,메뉴 다양성·선택·정보,메뉴 종류·다양성·선택·설명 관련 topic 통합,병합,93,56,니즈:5 | 긍정:77 | 중립·판단 불가:7 | 불만:4,명시적 요구:5 | 없음:78 | 추론한 가설:9 | 미기재:1,추천 메뉴 | 미트파이 종류 | 다양한 메뉴 | 메뉴 다양성 | 메뉴의 다양성 | 디저트와 카페의 결합 가능성 | 메뉴 선택의 자유도 | 메뉴판 | 제품 종류 | 메뉴 이름 표시 | 가능한 파이의 종류 | 메뉴 종류 | 메뉴 설명 | 메뉴 선택의 자유 | 제품 다양성 | 종류 다양성 | 메뉴 맛 | 디저트 선택 | 매장 선택 이유 - 담백한 맛 | 매장 선택 이유 - 영양가 | 메뉴 선택 | 디저트 선택의 자유 | 파이의 시그니처 메뉴 | 메뉴 | 상품 구경 및 체험 | 전용 파이 종류 | 특정 메뉴 소개 | 디저트와 디저트 메뉴 | 메뉴 선택과 추천 | 메뉴 선택의 다양성 | 디저트 선택의 다양성 | 오픈형 파이 종류 | 메뉴 만족도 | 미트파이의 맛과 다양성 | 다양한 파이 종류 | 다른 메뉴 시도 | 메뉴 선택성 | 메뉴의 맛과 다양성 | 추천 메뉴 정보 | 다양성 | 다른 종류의 파이에 대한 요구,소세지롤 추가로 판매 | 더 다양한 메뉴를 시도하고 싶어함 | 디저트와 카페의 결합을 원함 | 기간 한정 메뉴도 주문할 수 있는 방안 | 다양한 디저트를 원하는 니즈 | 자유롭게 여러 메뉴를 선택할 수 있는 공간이 필요 | 비프파이와 양송이 파이를 추천해달라고 함 | 오픈형 파이 종류 체험 | 더 많은 종류의 수제 파이를 추가로 출시할 가능성 | 다양한 메뉴를 원하는 고객의 요구 | 다양한 메뉴를 시도하고 싶어함 | 비프칠리와 치킨파이의 조합을 기대하는 것 | 다른 종류의 파이도 먹어보고 싶어 함. | 일부 고객들은 선택의 폭이 크다는 것에 만족하지 못하고 다양한 옵션으로 인해 고민을 한다는 점,001_dizzo_kim_224388070046.txt | 002_srk0823_224364136019.txt | 003_minjin129_224089652162.txt | 004_shxuxihxng_224106457393.txt | 005_ohaaru_224093159023.txt | 006_orrenn_223832000126.txt | 007_silversnowy_223824232375.txt | 008_cindy9901_223911466523.txt | 009_binoche33_224098531862.txt | 010_mizel0221_223826813173.txt | 011_1onyou1_224009057242.txt | 012_madebykyungeui_223979584557.txt | 013_remeberme_111_224010290831.txt | 014_greenguardians_223971859740.txt | 015_m_mylovewins__224099428012.txt | 016_milionare__223973558489.txt | 017_deep_with_224116934431.txt | 018_meokboraeng_224111721543.txt | 019_julyju__223980451715.txt | 021_yals0216_223824196901.txt | 022_ktlove27j_223860661701.txt | 023_betterbutterbeer_223825140917.txt | 024_deep_with_223979335993.txt | 025_mukzzangsong_224015643318.txt | 026_shinna0313_224001644221.txt | 027_gjahrfu01_223858258016.txt | 028_yaezi94_224097934088.txt | 029_hhhhns_223852701294.txt | 030_qhfkavhwkd_224098445121.txt | 031_amumalina312_224004149603.txt | 032_sluvsfooood_223825413527.txt | 033_lc-_-l_224095600583.txt | 034_logos_rvv_223860742052.txt | 036_subak_here_223970711950.txt | 037_susooohae_223917622286.txt | 039_horang_kim_0_223945824309.txt | 040_akdakdeogo01_223818949281.txt | 041_goo_morning_223974660494.txt | 044_yaezi94_223821426109.txt | 045_aboutme-zip_223858138614.txt | 047_mrbond_224012631567.txt | 051_kyful6714_223811851136.txt | 053_anny08_223862727870.txt | 054_qhfkavhwkd_223708488989.txt | 055_minheedj_223831624258.txt | 056_soojung_yi_223945992245.txt | 057_abnd0509_223852122887.txt | 058_hde7759_224012323260.txt | 059_butlifegoeson_223976761659.txt | 062_adssaye_224009561732.txt | 072_a-flat_music_studio_223725975540.txt | 094_ggul_jeongbo_223978250641.txt | 095_kpj6028_223915073787.txt | 096_baban__223923207105.txt | 097_minhyoung123_223915762099.txt | urls.txt,"다음번엔 미리 소세지롤을 주문하고 가보려고 해요! | 웅파이 미트파이를 처음 알게된건망원동에 있는 웅파이였다 | 보스파이는 귀여운캐릭터 박스에 담겨 배달이 왔다, 웅파이의 킥은 으깬 감자다"
TOPIC,T02,맛·풍미·제품 품질,음식의 맛·풍미·전반적 제품 품질 관련 topic 통합,병합,74,43,긍정:71 | 불만:2 | 중립·판단 불가:1,없음:71 | 추론한 가설:3,보스파이 맛 | 비프파이 맛 | 치킨파이 맛 | 비프파이의 맛과 품질 | 매콤한 맛의 조절 | 맛 | 양송이파이 맛 | 미트파이 맛 | 비프칠리파이 맛 | 보스 파이의 맛 | 미트파이의 맛 | 양송이파이의 맛 | 비프파이의 맛 | 냄새와 미각 경험 | 비프 칠리 파이 맛 | 냄새 | 파이의 맛 | 비프칠리 파이 맛 | 양송이 파이 맛 | 비프칠리파이 맛 평가 | 양송이파이 맛 평가 | 상품 품질 및 맛 | 빵과 파이의 향과 맛 | 전체 평가 | 음식 맛 | 사용자 만족도 | 파인 레전드 | 양송이 파이의 맛과 특징 | 음식의 맛,매콤한 맛을 더 조절할 수 있기를 원함 | 소스의 포만감 및 맛을 개선하는 방안 | 구운가지 토핑의 중요성을 강조하는 것과 함께 이를 추가하려는 고객의 요구,002_srk0823_224364136019.txt | 004_shxuxihxng_224106457393.txt | 005_ohaaru_224093159023.txt | 006_orrenn_223832000126.txt | 007_silversnowy_223824232375.txt | 008_cindy9901_223911466523.txt | 009_binoche33_224098531862.txt | 010_mizel0221_223826813173.txt | 011_1onyou1_224009057242.txt | 013_remeberme_111_224010290831.txt | 014_greenguardians_223971859740.txt | 015_m_mylovewins__224099428012.txt | 016_milionare__223973558489.txt | 017_deep_with_224116934431.txt | 018_meokboraeng_224111721543.txt | 019_julyju__223980451715.txt | 020_kyeuni96_224009356435.txt | 021_yals0216_223824196901.txt | 022_ktlove27j_223860661701.txt | 023_betterbutterbeer_223825140917.txt | 024_deep_with_223979335993.txt | 026_shinna0313_224001644221.txt | 033_lc-_-l_224095600583.txt | 037_susooohae_223917622286.txt | 038_jiyoon098_223849145424.txt | 039_horang_kim_0_223945824309.txt | 042_minn_b_223914149479.txt | 043_bininid_224346547033.txt | 044_yaezi94_223821426109.txt | 045_aboutme-zip_223858138614.txt | 046_heojubi_224387428531.txt | 047_mrbond_224012631567.txt | 053_anny08_223862727870.txt | 054_qhfkavhwkd_223708488989.txt | 055_minheedj_223831624258.txt | 058_hde7759_224012323260.txt | 059_butlifegoeson_223976761659.txt | 062_adssaye_224009561732.txt | 094_ggul_jeongbo_223978250641.txt | 095_kpj6028_223915073787.txt | 096_baban__223923207105.txt | 097_minhyoung123_223915762099.txt | excluded_keywords.txt,"보스파이는 국내산 닭가슴살+양파+으깬감자+모짜렐라치즈+펜넬씨드+케이엔페퍼+패스츄리로 구성되어있다 | 비프 파이는 토마토베이스 소스에 큐트한 소고기와 토마토 과육이 씹히고, 부드러운 으깬 감자로 입안에 풍미가 느껴진다 | 치킨 파이는 크리미한 우유크림소스가 베이스인데, 국내산 닭가슴살+양파+크림+우유+으깬감자+모짜렐라+패스츄리를 통해 빠네 크림스프에 촉촉한 닭가슴살이 적셔진 맛을 느낄 수 있다"
TOPIC,T03,위치·접근성,매장 위치·접근성·주변 환경 관련 topic 통합,병합,55,44,불만:3 | 긍정:39 | 중립·판단 불가:13,추론한 가설:3 | 없음:52,위치 및 접근성 | 위치 | 접근성 | 매장 위치 | 위치 정보 | 주변 환경 | 편의점 위치 | 위치 및 외관 | 매장 위치 및 접근성 | 외관 및 접근성 | 매장 위치 및 규모 | 지점 위치 | 가게 위치 | 위치 정보 제공 | 숙대 입구 주변 상황 | 공간 배치 및 위치 | 식당 분위기 및 위치 | 학교 주변 편의성 | 간편한 위치,더 편리한 위치를 기대 | 가장자리나 교통이 불편한 곳에 있는 경우 학생들이 쉽게 이용하기 위해 더 편리한 위치를 선호할 수 있습니다. | 더 큰 공간에서 앉아 먹을 수 있는 테이블이 필요하다는 기대,001_dizzo_kim_224388070046.txt | 003_minjin129_224089652162.txt | 005_ohaaru_224093159023.txt | 006_orrenn_223832000126.txt | 007_silversnowy_223824232375.txt | 008_cindy9901_223911466523.txt | 011_1onyou1_224009057242.txt | 012_madebykyungeui_223979584557.txt | 014_greenguardians_223971859740.txt | 015_m_mylovewins__224099428012.txt | 017_deep_with_224116934431.txt | 018_meokboraeng_224111721543.txt | 019_julyju__223980451715.txt | 021_yals0216_223824196901.txt | 023_betterbutterbeer_223825140917.txt | 024_deep_with_223979335993.txt | 026_shinna0313_224001644221.txt | 027_gjahrfu01_223858258016.txt | 028_yaezi94_224097934088.txt | 029_hhhhns_223852701294.txt | 031_amumalina312_224004149603.txt | 032_sluvsfooood_223825413527.txt | 033_lc-_-l_224095600583.txt | 037_susooohae_223917622286.txt | 038_jiyoon098_223849145424.txt | 039_horang_kim_0_223945824309.txt | 040_akdakdeogo01_223818949281.txt | 041_goo_morning_223974660494.txt | 042_minn_b_223914149479.txt | 044_yaezi94_223821426109.txt | 045_aboutme-zip_223858138614.txt | 047_mrbond_224012631567.txt | 051_kyful6714_223811851136.txt | 053_anny08_223862727870.txt | 054_qhfkavhwkd_223708488989.txt | 056_soojung_yi_223945992245.txt | 057_abnd0509_223852122887.txt | 058_hde7759_224012323260.txt | 059_butlifegoeson_223976761659.txt | 062_adssaye_224009561732.txt | 072_a-flat_music_studio_223725975540.txt | 094_ggul_jeongbo_223978250641.txt | 095_kpj6028_223915073787.txt | 096_baban__223923207105.txt,숙대 올라가는 언덕쪽에 있어서 접근성은 예전보다 살짝 아쉽긴 하지만 | 위치가 참 찾기 쉽다. 왜냐하면 숙명여대정문 바로 근처이기 때문에 ㅋ | 숙대정문 근처로 블랙의 깔끔한 외관의 웅파이 사실적인 파이사진들과 함께 여러가지 파이들의 종류를 가게 밖에서 확인하고 들어갈 수 있어서 좋았음
TOPIC,T04,포장·배달·픽업,포장·배달·테이크아웃·픽업 관련 topic 통합,병합,54,38,긍정:42 | 니즈:2 | 불만:3 | 중립·판단 불가:6 | 추론한 가설:1,없음:47 | 추론한 가설:7,테이크아웃 포장 | 배달 서비스 | 배달 서비스 내용 | 포장 편의성 | 간편한 구매와 포장 가능성이 | 포장 메뉴의 편리성 | 포장 | 미트파이 포장 및 배달 서비스 | 포장 서비스 | 공급 방법 | 포장 및 배달 서비스 | 배달 및 포장 | 포장 박스 디자인 | 포장지 디자인 | 포장 기능 | 포장 패키지 | 간편한 포장 | 포장 및 수입 방식 | 배달 및 포장 서비스 | 미트파이의 포장 편의성 | 포장용 박스 | 배달 방법 | 테이크아웃 방법 | 포장 및 추가 메뉴 선택 가능성 | 포장과 편의성 | 포장 및 패키징 | 접시 디자인 및 포장 | 테이크아웃 가능성 | 포장 서비스와 디자인 | 온라인 구매 및 배송 | 포장 및 배달 | 접시 및 포장 | 제품 포장 및 디자인 | 포장과 선물 | 배달과 포장 | 포장 및 픽업 | 편의성과 포장 서비스 | 메뉴 포장 및 배달 옵션 | 비프칠리포장 | 포장 및 디자인 | 미트파이 포장 방법 | 미트파이 포장 시간 | 간편하게 집으로 가져갈 수 있는 옵션 | 테이크아웃 문화,"포장 메뉴의 편리성을 원함 | 더 많은 배달 및 포장 서비스를 제공하고자 하는 기대 | 배송 옵션을 제공하여 집에서도 쉽게 즐길 수 있는 기대 | 더 좋을 수 있는 접시 디자인과 포장법 | 선물용 파이에 대한 요구 | 포장 및 픽업 서비스를 통한 더 큰 편의성을 기대 | 비프 칠리를 더 매콤하게 조절하거나, 신청할 수 있는 옵션 제공",001_dizzo_kim_224388070046.txt | 002_srk0823_224364136019.txt | 003_minjin129_224089652162.txt | 004_shxuxihxng_224106457393.txt | 005_ohaaru_224093159023.txt | 007_silversnowy_223824232375.txt | 008_cindy9901_223911466523.txt | 009_binoche33_224098531862.txt | 011_1onyou1_224009057242.txt | 012_madebykyungeui_223979584557.txt | 013_remeberme_111_224010290831.txt | 015_m_mylovewins__224099428012.txt | 016_milionare__223973558489.txt | 019_julyju__223980451715.txt | 021_yals0216_223824196901.txt | 023_betterbutterbeer_223825140917.txt | 025_mukzzangsong_224015643318.txt | 026_shinna0313_224001644221.txt | 027_gjahrfu01_223858258016.txt | 029_hhhhns_223852701294.txt | 030_qhfkavhwkd_224098445121.txt | 034_logos_rvv_223860742052.txt | 038_jiyoon098_223849145424.txt | 039_horang_kim_0_223945824309.txt | 042_minn_b_223914149479.txt | 045_aboutme-zip_223858138614.txt | 047_mrbond_224012631567.txt | 051_kyful6714_223811851136.txt | 053_anny08_223862727870.txt | 054_qhfkavhwkd_223708488989.txt | 055_minheedj_223831624258.txt | 057_abnd0509_223852122887.txt | 058_hde7759_224012323260.txt | 062_adssaye_224009561732.txt | 094_ggul_jeongbo_223978250641.txt | 095_kpj6028_223915073787.txt | 096_baban__223923207105.txt | 097_minhyoung123_223915762099.txt,"미트파이와 케첩 조합: 미트파이는 자메이카나 오리지널 느낌을 살려서 케첩과 같이 먹는 게 진정한 근본... 따뜻하게 잘 데워진 파이를 담아주셨어요. | 배달을 빨리 해주신건지 파이들이 모두 방금나온것 마냥 따끈따끈했다, 포장에서 손님의 편의성을 고려한 것 같았다 | 웅파이 미트파이 권선점 수요일 휴무, 영업시간 : 11:00~20:00 / 재료소진 시 최대 1시간까지 조기마감 경기도 수원시 권선구 덕영대로 1201번길 8, 101호 일부호 (권선동)"
TOPIC,T05,가격·가성비,가격·비용·가성비 관련 topic 통합,병합,49,37,중립·판단 불가:17 | 불만:7 | 긍정:25,없음:39 | 추론한 가설:10,가격 | 포장 비용 | 가격 대비 가치 | 가성비 | 미트파이의 종류와 가격 | 가격 정책 | 파이 종류와 가격 | 가격 대비 품질 | 가격과 가성비 | 메뉴 다양성 및 가격 | 소스 추가 비용 | 가격 대비 만족도 | 메뉴와 가격 | 가격 대비 성능 | 가격 및 식사 포만감 | 가격 및 서비스,"가격대비 가치를 더 높일 수 있는 방법 | 리뷰에서 언급된 비프파이와 양송이파이의 좋은 품질과 가격 대비 가치에 대한 기대 | 고객의 개인적인 식사 습관을 고려한 메뉴 개발 필요 | 더 다양한 할인 이벤트 또는 프로모션 | 더 많은 소스 옵션과 더 경제적인 가격으로 제공해 주길 바란다 | 고객들이 실제 맛을 시험한 후, 높은 가격대에 대한 만족도가 높아질 수 있음 | 고객들이 파이의 가치와 가격비율에 대한 만족도를 높이는 것을 기대 | 더 저렴한 가격으로 같은 맛을 즐길 수 있는 기대 | 높은 품질은 유지하면서 가격을 적절히 조정해 주기를 바람.",002_srk0823_224364136019.txt | 005_ohaaru_224093159023.txt | 009_binoche33_224098531862.txt | 010_mizel0221_223826813173.txt | 013_remeberme_111_224010290831.txt | 014_greenguardians_223971859740.txt | 015_m_mylovewins__224099428012.txt | 016_milionare__223973558489.txt | 017_deep_with_224116934431.txt | 018_meokboraeng_224111721543.txt | 019_julyju__223980451715.txt | 021_yals0216_223824196901.txt | 022_ktlove27j_223860661701.txt | 023_betterbutterbeer_223825140917.txt | 025_mukzzangsong_224015643318.txt | 026_shinna0313_224001644221.txt | 027_gjahrfu01_223858258016.txt | 028_yaezi94_224097934088.txt | 030_qhfkavhwkd_224098445121.txt | 032_sluvsfooood_223825413527.txt | 034_logos_rvv_223860742052.txt | 036_subak_here_223970711950.txt | 038_jiyoon098_223849145424.txt | 039_horang_kim_0_223945824309.txt | 040_akdakdeogo01_223818949281.txt | 042_minn_b_223914149479.txt | 047_mrbond_224012631567.txt | 053_anny08_223862727870.txt | 054_qhfkavhwkd_223708488989.txt | 055_minheedj_223831624258.txt | 057_abnd0509_223852122887.txt | 059_butlifegoeson_223976761659.txt | 072_a-flat_music_studio_223725975540.txt | 094_ggul_jeongbo_223978250641.txt | 096_baban__223923207105.txt | excluded_keywords.txt | urls.txt,"가격은 6,500원!! 쬐금 눌린 비프파이 가격은 6,900원!! | 비프파이 6,500원 양송이파이 5,900원 | 그리고 가격이 너무 좋다..! 파이 사이즈가 어마어마한데 말이다..!"
TOPIC,T06,서비스·응대,직원·사장·고객 서비스 관련 topic 통합,병합,36,32,긍정:26 | 니즈:1 | 중립·판단 불가:7 | 불만:2,없음:33 | 추론한 가설:2 | 명시적 요구:1,간편한 서비스 | 더 나은 서비스 | 서비스 | 요구를 받은 서비스 | 사장의 배경 | 서비스 접근성 | 서비스와 고객 경험 | 서비스와 고객 지원 | 사장의 친절함 | 서비스 및 추가 제품 제공 | 서비스 내용 | 고객 서비스 | 식당 서비스,더 나은 서비스를 원함 | 매장에서 제공하는 스탬프 캐시백 프로그램을 이용할 기대 | 구운가지 토핑에 대한 고객의 만족도와 함께 추가하려는 요구,004_shxuxihxng_224106457393.txt | 005_ohaaru_224093159023.txt | 008_cindy9901_223911466523.txt | 009_binoche33_224098531862.txt | 012_madebykyungeui_223979584557.txt | 013_remeberme_111_224010290831.txt | 015_m_mylovewins__224099428012.txt | 016_milionare__223973558489.txt | 018_meokboraeng_224111721543.txt | 019_julyju__223980451715.txt | 020_kyeuni96_224009356435.txt | 021_yals0216_223824196901.txt | 022_ktlove27j_223860661701.txt | 030_qhfkavhwkd_224098445121.txt | 032_sluvsfooood_223825413527.txt | 033_lc-_-l_224095600583.txt | 036_subak_here_223970711950.txt | 037_susooohae_223917622286.txt | 038_jiyoon098_223849145424.txt | 039_horang_kim_0_223945824309.txt | 040_akdakdeogo01_223818949281.txt | 041_goo_morning_223974660494.txt | 042_minn_b_223914149479.txt | 043_bininid_224346547033.txt | 044_yaezi94_223821426109.txt | 045_aboutme-zip_223858138614.txt | 053_anny08_223862727870.txt | 059_butlifegoeson_223976761659.txt | 072_a-flat_music_studio_223725975540.txt | 094_ggul_jeongbo_223978250641.txt | excluded_keywords.txt | urls.txt,혼자 와서 배고플 때는 폰 보면서 후딱 미트파이 먹고가기에도 좋아요. | 비프파이 주문 당 쿠폰을 하나씩 찍어주시더라구요:) | 주문하고나서 금방 포장해주셨는데 웅파이 캐릭터가 그려진 박스 귀엽다 ㅎㅎ 각 파이 위치 위에 어떤게 비프이고 어떤게 양송이인지 파이 이름을 스티커로 붙여주시는 세심함
TOPIC,T07,할인·쿠폰·적립·이벤트,할인·쿠폰·적립·프로모션·이벤트 관련 topic 통합,병합,34,26,긍정:31 | 불만:1 | 중립·판단 불가:2,명시적 요구:1 | 없음:28 | 추론한 가설:5,네이버 지도 주문 할인 프로그램 | 가격 및 할인 혜택 | 학생 할인 정책 | 이벤트 내용 | 영수증 이벤트 | 프로모션/할인 | 마케팅 및 이벤트 | 할인 정책 | 매장 선택 이유 - 할인 혜택 | 가격 및 혜택 | 학생 할인 혜택 | 가격 혜택 | 가격 및 할인 정책 | 이벤트 및 캐릭터 | 이벤트 참여 방법 | 쿠폰 및 프로모션 | 가격 할인 정책 | 이벤트 | 스탬프 적립 혜택 | 구매 혜택 및 서비스 | 스탬프 적립 이벤트 | 포장 쿠폰 활용 | 가격과 할인행사 | 4주년 이벤트 | 할인 행사는 학생에게 유용함 | 포인트 적립 제도 | 할인 이벤트 | 한강 이벤트 | 학과 이벤트,네이버 지도 주문 시 추가적인 할인 혜택을 제공 | 학생 할인 정책을 보다 지속적으로 또는 모든 고객에게 적용하도록 하는 기대 | 더 많은 할인이나 혜택을 제공하는 방안 | 학생들에게 특별 할인이 적용되는 점 | 경제학부 학생들에게 특별한 혜택을 제공하고 싶음 | 학부와 학과를 포함한 특정 대상자에게 할인 행사를 통해 빠르게 인지도를 확보하고 매출을 늘리기 위한 필요성,001_dizzo_kim_224388070046.txt | 003_minjin129_224089652162.txt | 007_silversnowy_223824232375.txt | 012_madebykyungeui_223979584557.txt | 013_remeberme_111_224010290831.txt | 014_greenguardians_223971859740.txt | 016_milionare__223973558489.txt | 017_deep_with_224116934431.txt | 020_kyeuni96_224009356435.txt | 022_ktlove27j_223860661701.txt | 025_mukzzangsong_224015643318.txt | 031_amumalina312_224004149603.txt | 033_lc-_-l_224095600583.txt | 036_subak_here_223970711950.txt | 038_jiyoon098_223849145424.txt | 042_minn_b_223914149479.txt | 044_yaezi94_223821426109.txt | 045_aboutme-zip_223858138614.txt | 047_mrbond_224012631567.txt | 051_kyful6714_223811851136.txt | 054_qhfkavhwkd_223708488989.txt | 056_soojung_yi_223945992245.txt | 058_hde7759_224012323260.txt | 062_adssaye_224009561732.txt | 095_kpj6028_223915073787.txt | 096_baban__223923207105.txt,네이버지도 '주문하기' 기능을 통해서 미리 주문하고 갔어요! ... 10% 할인 쿠폰까지 쓸 수 있어서 아주 쏠쏠하게 개이득을 챙겼답니다. | 쿠폰 10장 모으면 1개 파이를 먹을 수 있는 혜택이 있으니 도전해보시길. | 숙대 경제학부 1전공생?에 한해 기간 한정으로 학생증 제시 시 10% 제휴 할인을 한다.
TOPIC,T08,분위기·외관·디자인,분위기·인테리어·외관·디자인 관련 topic 통합,병합,30,26,긍정:26 | 중립·판단 불가:3 | 불만:1,없음:29 | 추론한 가설:1,매장 분위기 및 냄새 | 크리스마스 분위기 | 인테리어 | 매장 인테리어 | 매장 디자인 | 양송이파이의 패키징 | 시각적 매력 | 디자인/캐릭터 | 가게 분위기 | 매장 분위기 | 가게 외관 | 매장 외관 및 내부 구조 | 분위기 | 양송이파이의 외관 | 매장 외부 인테리어 | 매장 내부 인테리어 | 간판 디자인 | 매장 분위기 및 깨끗함 | 디자인/분위기 | 가게 외관 및 인테리어 | 패키징 | 내부 분위기,더 고요하고 정확한 서비스 환경에서 파이를 제공했으면 좋겠다,003_minjin129_224089652162.txt | 004_shxuxihxng_224106457393.txt | 006_orrenn_223832000126.txt | 007_silversnowy_223824232375.txt | 010_mizel0221_223826813173.txt | 011_1onyou1_224009057242.txt | 013_remeberme_111_224010290831.txt | 015_m_mylovewins__224099428012.txt | 016_milionare__223973558489.txt | 018_meokboraeng_224111721543.txt | 024_deep_with_223979335993.txt | 027_gjahrfu01_223858258016.txt | 029_hhhhns_223852701294.txt | 030_qhfkavhwkd_224098445121.txt | 034_logos_rvv_223860742052.txt | 036_subak_here_223970711950.txt | 039_horang_kim_0_223945824309.txt | 042_minn_b_223914149479.txt | 044_yaezi94_223821426109.txt | 045_aboutme-zip_223858138614.txt | 047_mrbond_224012631567.txt | 057_abnd0509_223852122887.txt | 095_kpj6028_223915073787.txt | 096_baban__223923207105.txt | 097_minhyoung123_223915762099.txt | excluded_keywords.txt,"매장에 들어서자마자, 파이를 굽고 계시는 냄새가 솔솔. 냄새가 참 좋았다. | 크리스마스라고 내부에도 요렇게 크리스마스 소품이 놓여져있어서 학교 앞 대학가에서도 크리스마스 분위기 느끼기 좋아요 🧑‍🎄 | 수제 미트파이 맛집 웅파이 숙대입구점 내부는 바테이블에 3개의 좌석이 있는 아늑한 공간입니다. 작은 공간인데도 인도 쪽으로 폴딩도어가 설치되어 있어 채광이 좋고, 학생들이 이야기하는 소리가 들려 테라스에 있는 느낌입니다."
TOPIC,T09,양·크기·포만감,양·크기·포만감·식사대용성 관련 topic 통합,병합,30,25,긍정:12 | 니즈:1 | 불만:15 | 니즈 - 명시적 요구:1 | 중립·판단 불가:1,없음:12 | 추론한 가설:17 | 명시적 요구:1,비프칠리파이 맛과 포만감 | 양송이파이 맛과 포만감 | 포만감 및 양의 안전성 | 양과 포만감 | 양·포만감 | 한 끼 식사 요구 | 내용물 양 | 비프 파이의 포만감 | 비프 파이의 포만감과 페스츄리 | 맛과 양 | 양 | 한 끼 식사에 적합한 메뉴 | 메뉴 크기 및 식사 대용성 | 미트파이의 포만감 | 한 끼 식사에 부족함 | 식사량과 포만감 | 포만감,가격대비 더 많은 양 또는 포만감을 제공하여 학생들이 반복적으로 방문할 수 있는 환경을 만드는 것 | 가격 대비 더 큰 규모의 상품 제공 | 모든 제품에서 일관된 맛과 식감을 기대함. | 임산부나 바쁜 직장인 등이 간단하고 영양가 있는 한 끼 식사를 원하는 기대 | 배가 충분히 채워질 수 있는 기대 | 더 바삭하게 먹고 싶은 고객이 더 많은 기대 | 어떤 음료와 함께 먹으면 더 좋을지를 찾는 기대 | 양이 많아서 포만감을 느낄 수 있는 기대 | 한 끼 식사로 더 많은 음식을 원하는 고객들이 있을 수 있음 | 한 끼 식사로 충분한 포만감을 기대할 가능성 | 다음 방문 시 음료를 더 많이 주문하거나 제공받을 수 있는 기대 | 더 많은 양으로 포만감을 느끼길 원함 | 양과 포만감이 충분한 메뉴 | 매장에서 다양한 메뉴를 원할 때 일관된 선택의 폭을 기대 | 소비자들이 적당한 양을 찾을 수 있도록 조절 가능한 포만감을 기대 | 더 적당한 양의 메뉴를 기대하는 것 | 하나의 파이로는 끼니를 충분히 해결하기 어렵다는 점 | 혼자 먹을 때도 충분한 양과 포만감을 기대할 수 있는 메뉴,003_minjin129_224089652162.txt | 010_mizel0221_223826813173.txt | 011_1onyou1_224009057242.txt | 013_remeberme_111_224010290831.txt | 017_deep_with_224116934431.txt | 018_meokboraeng_224111721543.txt | 019_julyju__223980451715.txt | 021_yals0216_223824196901.txt | 027_gjahrfu01_223858258016.txt | 030_qhfkavhwkd_224098445121.txt | 031_amumalina312_224004149603.txt | 033_lc-_-l_224095600583.txt | 036_subak_here_223970711950.txt | 037_susooohae_223917622286.txt | 038_jiyoon098_223849145424.txt | 040_akdakdeogo01_223818949281.txt | 044_yaezi94_223821426109.txt | 045_aboutme-zip_223858138614.txt | 047_mrbond_224012631567.txt | 054_qhfkavhwkd_223708488989.txt | 055_minheedj_223831624258.txt | 059_butlifegoeson_223976761659.txt | 062_adssaye_224009561732.txt | 072_a-flat_music_studio_223725975540.txt | 096_baban__223923207105.txt,"참 맛있고, 안에 비프도 많이 들어있어서 놀랬음. 넘쳐흐름. | 마치 양송이스프 먹는 느낌이었어. 한끼 간단하지만 포만감 있게 먹고 싶은 사람들에게 추천. | 한 개로 점심을 먹기에는 조금 부족했어요"
TOPIC,T10,매장 공간·좌석·시설,내부 공간·좌석·시설 관련 topic 통합,병합,26,23,불만:5 | 중립·판단 불가:10 | 니즈:1 | 긍정:10,추론한 가설:6 | 없음:20,매장 내부 공간 | 테이블과 공간 | 더 많은 공간 | 매장 내부 환경 | 매장 내부 공간 한계 | 내부 환경 | 좌석 | 분위기 및 공간 | 내부 공간 | 실내 환경 | 서비스와 환경 | 매장 공간 | 매장 환경 | 공간 규모 | 좌석 공간 | 좌석 배치 | 매장 분위기 및 시설 | 조용한 내부 환경 | 매장 크기와 편리성 | 매장 시설 | 내부 시설 | 혼밥 장소,더 넓은 내부 공간을 기대 | 더 많은 공간이 필요함 | 더 넓은 공간이 필요함 | 더 많은 좌석을 제공하여 고객들이 식사를 즐길 수 있는 환경을 만드는 것 | 더 넓고 여유로운 매장 공간을 원하는 것 | 더 넓고 편안한 실내 공간이 있으면 좋겠다,001_dizzo_kim_224388070046.txt | 004_shxuxihxng_224106457393.txt | 008_cindy9901_223911466523.txt | 009_binoche33_224098531862.txt | 010_mizel0221_223826813173.txt | 012_madebykyungeui_223979584557.txt | 020_kyeuni96_224009356435.txt | 023_betterbutterbeer_223825140917.txt | 025_mukzzangsong_224015643318.txt | 028_yaezi94_224097934088.txt | 029_hhhhns_223852701294.txt | 031_amumalina312_224004149603.txt | 039_horang_kim_0_223945824309.txt | 040_akdakdeogo01_223818949281.txt | 041_goo_morning_223974660494.txt | 046_heojubi_224387428531.txt | 051_kyful6714_223811851136.txt | 053_anny08_223862727870.txt | 055_minheedj_223831624258.txt | 058_hde7759_224012323260.txt | 059_butlifegoeson_223976761659.txt | 062_adssaye_224009561732.txt | 097_minhyoung123_223915762099.txt,"매장 내부는 아담해서 취식할 수 있는 자리는 1~2좌석 정도로 협소한 편이니 주로 테이크아웃(포장)으로 이용하시는 것을 추천드려요! | 내부는 넓지 않구, 먹고 갈 수 있는 공간은 작게 벽면을 바라보는 테이블로 있어요. | 매장은 아담한 매장이에요. 앉아서 먹을 수 있는 자리는 3자리이고"
TOPIC,T11,식감·조리 품질,식감·질감·바삭함·조리 상태 관련 topic 통합,병합,26,17,긍정:26,없음:26,패스츄리의 식감 | 미트파이의 식감 | 보스 파이의 식감 | 비프 칠리 파이의 식감과 맛 | 비프 파이의 식감 및 맛 | 양송이 파이의 식감 및 맛 | 파이의 식감과 맛 | 식감 | 미트파이의 만듦새 | 비프 파이의 페스츄리 | 맛과 식감 | 맛과 질감 | 파이의 맛과 식감 | 미트파이의 질감 | 바삭함 | 미트파이의 맛과 질감,,004_shxuxihxng_224106457393.txt | 006_orrenn_223832000126.txt | 008_cindy9901_223911466523.txt | 012_madebykyungeui_223979584557.txt | 016_milionare__223973558489.txt | 018_meokboraeng_224111721543.txt | 026_shinna0313_224001644221.txt | 027_gjahrfu01_223858258016.txt | 028_yaezi94_224097934088.txt | 031_amumalina312_224004149603.txt | 032_sluvsfooood_223825413527.txt | 034_logos_rvv_223860742052.txt | 036_subak_here_223970711950.txt | 037_susooohae_223917622286.txt | 054_qhfkavhwkd_223708488989.txt | 055_minheedj_223831624258.txt | 096_baban__223923207105.txt,패스츄리도 부드러우면서 바삭하규 버터리한 향이 나서 좋더라구여❤️ | 소고기를 적당하게 잘라 식감이 정말 좋았습니다. 겉에 파이지는 바삭한 페스츄리처럼 부서지는데요. 버터도 많이 들어갔는지 고소한 향이 가득했습니다. | 빵 부분이 페스츄리처럼 엄청 부드러웠어요. 따뜻한 온기가 있어서 그런지 치즈가 쫙 나오는데요.
TOPIC,T12,주문·결제·예약 절차,주문·결제·예약 방식과 편의 관련 topic 통합,병합,26,24,긍정:14 | 불만:6 | 중립·판단 불가:6,없음:21 | 추론한 가설:5,주문 메뉴 및 맛 | 주문 희망 메뉴의 다양성 | 구매 경험 | 오픈형 파이 주문 방법 | 주문 및 배달 | 주문 편리성 | 주문 및 결제 옵션 | 주문 편의성 | 주문 후 맛 평가 | 구매 방법 | 주문 방식 및 편의성 | 예약 | 결제 방법 | 주문 품질 | 예약 서비스 | 주문 및 서비스 | 일부 주문자의 경험 | 메뉴 선택 및 주문 편의성 | 간편 결제 | 예약 방식 | 주문 간편성 | 주문 시스템,"더 많은 메뉴가 있으면 더 많은 고객이 만족할 수 있을 것입니다. | 오픈형 파이 주문 시간을 단축하거나, 즉시 주문 가능하게 만드는 것이 좋을 것 같습니다. | 더 유연한 예약 시간대를 제공했으면 좋겠다 | 미리 오래 기다릴 필요 없이 즉시 주문할 수 있는 옵션이 필요 | 고객 경험 향상을 위해 주문 절차를 간소화해 주기를 바람.",001_dizzo_kim_224388070046.txt | 006_orrenn_223832000126.txt | 011_1onyou1_224009057242.txt | 016_milionare__223973558489.txt | 018_meokboraeng_224111721543.txt | 023_betterbutterbeer_223825140917.txt | 028_yaezi94_224097934088.txt | 029_hhhhns_223852701294.txt | 031_amumalina312_224004149603.txt | 033_lc-_-l_224095600583.txt | 039_horang_kim_0_223945824309.txt | 043_bininid_224346547033.txt | 044_yaezi94_223821426109.txt | 045_aboutme-zip_223858138614.txt | 053_anny08_223862727870.txt | 054_qhfkavhwkd_223708488989.txt | 055_minheedj_223831624258.txt | 057_abnd0509_223852122887.txt | 058_hde7759_224012323260.txt | 072_a-flat_music_studio_223725975540.txt | 094_ggul_jeongbo_223978250641.txt | 095_kpj6028_223915073787.txt | 096_baban__223923207105.txt | excluded_keywords.txt,"미트파이는 자메이카나 오리지널 느낌 살려서 케찹이랑 같이 먹는 게 진정한 근본인데 실제로 먹어보니 꾸덕하고 진한 고기소와 토마토소스의 풍미가 어우러져서, 옛날 뉴질랜드 살던 시절의 추억을 완벽하게 자극하는 바로 그런 맛이었습니다. | 7가지 파이와 1가지 롤이 준비되어 있는데요. | 4개 구매시 돗자리 증정 이벤트를 하고있었다 ㅎㅎ"
TOPIC,T13,추천·재방문 의향,추천·재방문·재구매 의향 관련 topic 통합,병합,26,21,긍정:24 | 명시적 요구:1 | 중립·판단 불가:1,없음:16 | 명시적 요구:5 | 추론한 가설:5,사장님의 추천 | 추천 점수 | 추천 목적 | 추천 이유 | 추천 가치 | 추천 | 기대 | 다음 방문 의향 | 추천 가능성 | 다음 방문 의도 | 맛집 추천 | 재방문 의향 | 재구매 의향 | 후속 방문 가능성 | 추천 레스토랑 정보 | 학원 근처 맛집 정보 | 맛집 리스트,더 자주 방문하여 다양한 메뉴를 즐길 수 있는 기회 | 다시 방문하여 다른 메뉴도 시도하고 싶어 합니다. | 다양한 메뉴와 경제적인 가격 때문에 추천 받을 수 있는 장소로 기대 | 다음 방문에서 다양한 메뉴를 맛보려는 의향 | 재방문 및 추천을 기대하는 것으로 보임 | 다시 방문해 더 다양한 제품이나 혜택을 경험하고 싶어 함. | 숙대 입근객이나 수제 미트파이를 찾는 고객에게 직접적인 제품 추천 | 유정 선생님의 지원이 계속되며 고객이 편안하게 수련할 수 있도록 도와주는 것 | 뉴질랜드식 수제 미트파이를 원하는 고객에게 이 맛집을 추천하고 싶어할 가능성이 있음 | 학원 근처 맛집을 찾고 이용하는 방법,002_srk0823_224364136019.txt | 006_orrenn_223832000126.txt | 009_binoche33_224098531862.txt | 011_1onyou1_224009057242.txt | 014_greenguardians_223971859740.txt | 015_m_mylovewins__224099428012.txt | 016_milionare__223973558489.txt | 022_ktlove27j_223860661701.txt | 024_deep_with_223979335993.txt | 028_yaezi94_224097934088.txt | 030_qhfkavhwkd_224098445121.txt | 031_amumalina312_224004149603.txt | 033_lc-_-l_224095600583.txt | 041_goo_morning_223974660494.txt | 042_minn_b_223914149479.txt | 046_heojubi_224387428531.txt | 055_minheedj_223831624258.txt | 058_hde7759_224012323260.txt | 062_adssaye_224009561732.txt | 072_a-flat_music_studio_223725975540.txt | 088_rebornyang_224009784263.txt,"사장님의 추천... 우리부부는 그렇게 먹구있다, 지금까지도 우리부부는 그렇게 먹구있다 | 나의 별점은!!! ★★★★★!! 아주 최곱니다!! 추천추천!!!! | 봄나들이 가실 때 식사대용으로도 좋은 맛있는 간식으로 웅파이의 수제 미트파이 꼭 한 번 드셔보세요."
TOPIC,T14,기타 장소·음식 경험,다른 식당·장소·음식 경험 관련 topic 통합,병합,22,2,긍정:13 | 불만:5 | 중립·판단 불가:4,없음:14 | 추론한 가설:4 | 명시적 요구:4,식전수프 | 비프까스 | 망원 투떰즈업 | 함박 | 카페 학림 | 망원시장 큐스닭강정 | 비테도산 | 합정 함반 | 혜화 순대실록 | 혜화 카페 학림 | 버터핑거 팬케익스 | 월요일 학교에서 마주친 고양이 | 신세계강남 식품관 리뉴얼의 변화 | 신세계강남 식품관 리뉴얼의 내부 조명 | 신세계강남 식품관 리뉴얼의 장점 | 신세계강남 식품관의 지정된 시간대와 웨이팅에 대한 의견,더 빠른 서비스와 줄 서는 시간을 줄이는 방안 | 더욱이나 질감과 맛을 지키는 제품 개선 | 더 고급스러운 재료 사용으로 품질 개선 | 감정적인 요소를 고려한 서비스 개선 및 대기 시간 단축 | 더 많은 고객 참여 캐릭터 제공 | 더 나은 가성비 제공 | 다양성 있는 제품 개발 | 정기적인 시간대별 웨이팅 예상 및 안내 서비스 도입,063_mkd6324_224328318510.txt | 088_rebornyang_224009784263.txt,식전수프 되게 맛있었음. 직접 만든것같고 엄청 크리미했다. | 얘도 맛있었다. 고기맛이 진함. | 오픈런 할랬는데 늦잠 자서 개같이 실패. 느지막이 가서 거의 막판에 줄을 섬. 한 시간 정도 기다렸다 구매 성공.
TOPIC,T15,영업시간·휴무·영업정보,영업시간·휴무일·오픈 정보 관련 topic 통합,병합,19,18,중립·판단 불가:6 | 긍정:8 | 불만:5,없음:13 | 추론한 가설:6,운영 시간 | 매점 운영 시간 | 가게의 위치와 영업 시간 | 영업 시간 | 시간 제약 | 오픈 시간 | 운영시간 | 휴무일 | 영업시간과 서비스 | 매장 위치와 운영 시간 | 매장 이용 시간 | 영업시간 및 휴무일 | 영업 정보 | 영업시간,더 이상의 영업시간이 필요하다는 기대 | 영업 시간이 좀 더 연장되었으면 합니다. | 더 넓은 운영 시간 또는 추가 주문 가능 방법 | 매장의 운영 시간을 늘리거나 주말 및 공휴일 오픈하여 저녁시간에도 이용 가능한 방안 | 주중에만 이용 가능한 점을 개선하여 주말에도 이용이 가능하도록 하는 것 | 매장의 인기와 빠른 시간에도 불구하고 많은 손님이 있다는 것을 알 수 있는 고객의 기대,005_ohaaru_224093159023.txt | 007_silversnowy_223824232375.txt | 009_binoche33_224098531862.txt | 012_madebykyungeui_223979584557.txt | 016_milionare__223973558489.txt | 025_mukzzangsong_224015643318.txt | 026_shinna0313_224001644221.txt | 027_gjahrfu01_223858258016.txt | 028_yaezi94_224097934088.txt | 029_hhhhns_223852701294.txt | 034_logos_rvv_223860742052.txt | 036_subak_here_223970711950.txt | 043_bininid_224346547033.txt | 045_aboutme-zip_223858138614.txt | 055_minheedj_223831624258.txt | 057_abnd0509_223852122887.txt | 058_hde7759_224012323260.txt | 095_kpj6028_223915073787.txt,"📍매일 10:00-19:00 라스트오더 18:30 📍금요일 10:00-14:30 라스트오더 14:00 | 월-금 오전 8시~오후 7시, 토 오전 10시~오후 7시 | 매장은 월-금 오전 8시~오후 7시, 토요일은 오전 10시부터 영업한다. 이로 인해 평소에 일찍 일어나서 공부해야 하는 학생들에게는 불편함을 느껴볼 수 있다."
TOPIC,T16,음료·메뉴 페어링,음료 종류·맛·메뉴 조합 관련 topic 통합,병합,14,14,긍정:12 | 중립·판단 불가:1 | 불만:1,없음:13 | 명시적 요구:1,청포도 에이드의 맛 | 라임모히토 에이드의 맛 | 레몬에이드 맛 | 애플망고에이드 맛 | 에이드 맛 | 청포도에이드 맛 평가 | 에이드 종류 | 음료 | 음료 선택 | 음료 조합 | 추천 음료 | 자몽에이드 맛,고객은 이와 비슷한 메뉴 조합을 더 알고 싶어 함. | 음료 품목과 영업 시간 확실하게 확인할 필요,008_cindy9901_223911466523.txt | 010_mizel0221_223826813173.txt | 015_m_mylovewins__224099428012.txt | 017_deep_with_224116934431.txt | 023_betterbutterbeer_223825140917.txt | 024_deep_with_223979335993.txt | 027_gjahrfu01_223858258016.txt | 028_yaezi94_224097934088.txt | 031_amumalina312_224004149603.txt | 041_goo_morning_223974660494.txt | 046_heojubi_224387428531.txt | 058_hde7759_224012323260.txt | 059_butlifegoeson_223976761659.txt | 062_adssaye_224009561732.txt,잘 저어서 시원하게 마셨어요. | 단맛보다 새콤함이 더 강한 레몬에이드 느낌이더라구요 | 탄산은 세지 않고 적당히 달고 적당히 셔서 딱 맛있는 레몬에이드!
TOPIC,T17,주차 편의성,주차 공간·주차 가능 여부·주변 주차 관련 topic 통합,병합,14,14,불만:8 | 중립·판단 불가:4 | 부족:1 | 부정:1,추론한 가설:6 | 없음:4 | 명시적 요구:4,주차 시설 | 주차 공간 | 주차 서비스 | 주차 및 접근성 | 주차와 주변 환경 | 주차 | 주차 문제 | 주차 여부 | 주차장 공간 | 주차장,주차 편의성 개선 | 주차 공간이 있으면 더 편리할 것으로 보이는 기대 | 주차 공간 제공 | 편의점 주차 시설 개선 필요 | 학교 앞 매장을 운영하면서 주차 시설을 제공 | 주차 공간 제공의 필요성 | 편의를 위해 더 많은 주차 공간 제공 | 더 많은 자리를 제공하거나 주차장 확장을 원하는 것 | 주차장을 쉽게 찾을 수 있도록 안내판과 표지를 개선해 주기를 바람. | 더 많은 주차 공간 확보,003_minjin129_224089652162.txt | 008_cindy9901_223911466523.txt | 018_meokboraeng_224111721543.txt | 025_mukzzangsong_224015643318.txt | 027_gjahrfu01_223858258016.txt | 029_hhhhns_223852701294.txt | 032_sluvsfooood_223825413527.txt | 040_akdakdeogo01_223818949281.txt | 045_aboutme-zip_223858138614.txt | 055_minheedj_223831624258.txt | 056_soojung_yi_223945992245.txt | 057_abnd0509_223852122887.txt | excluded_keywords.txt | urls.txt,주차: 불가 | 숙명여대 바로 앞에 위치해 있어요. 50미터 | - 포장 : 가능 - 주차 : 불가
TOPIC,T18,이용 편의·식사 상황,간편성·편리성·식사 상황 관련 topic 통합,병합,13,12,니즈:1 | 긍정:9 | 니즈 - 추론한 가설:1 | 불만:2,명시적 요구:2 | 없음:8 | 추론한 가설:3,점심 시간 대비 매출 향상 | 간식으로의 적합성 | 편의성 | 편리성 | 사진 촬영의 편리성 | 식사 경험 | 방문 편의성 | 간편한 사용,점심 시간 동안 학생들이 더 많이 방문하여 매출을 향상시키는 것 | 간편하게 품질 좋은 음식을 즐길 수 있는 기대 | 이동 중에도 쉽게 먹을 수 있는 간식을 원하는 니즈 | 다양한 맛을 원하는 고객의 요구 | 더 다양한 메뉴를 선택할 수 있는 기회가 필요,010_mizel0221_223826813173.txt | 012_madebykyungeui_223979584557.txt | 014_greenguardians_223971859740.txt | 017_deep_with_224116934431.txt | 021_yals0216_223824196901.txt | 026_shinna0313_224001644221.txt | 034_logos_rvv_223860742052.txt | 038_jiyoon098_223849145424.txt | 053_anny08_223862727870.txt | 059_butlifegoeson_223976761659.txt | 094_ggul_jeongbo_223978250641.txt | 095_kpj6028_223915073787.txt,"숙대에서 가볍게 한 끼 때우기 좋은 간편식 맛집 | 간식으로 간단하게 먹기에도 좋고, 테이크 아웃으로 포장해가도 좋을 것 같았던 수제 파이 맛집 | 포장이나 배달 주문이 많은 것 같긴 하더라구요, 포장도 너무 귀여워서 간단한 간식거리나 선물로도 좋겠다."
TOPIC,T19,보관·재가열·가정 내 이용,보관·재가열·가정 내 활용 관련 topic 통합,병합,12,9,긍정:7 | 중립·판단 불가:2 | 니즈 - 명시적 요구:1 | 불만:2,없음:7 | 명시적 요구:1 | 추론한 가설:4,포장 및 재온열 맛 유지 | 미트파이의 다양한 조리 방법 | 위생 및 보관 | 미트파이 구운 상태 유지 | 홈카페 대체 | 재현성 | 유연성 | 미트파이의 사용 방안 | 포장 및 보관 방법 | 미트파이 재가열 방법 | 추천 조리 방법,집에서 포장된 미트파이를 이용해 간단하게 뉴질랜드 브런치 카페의 경험을 느끼는 기대 | 집에서도 맛과 식감을 유지할 수 있는 포장 방법에 대한 기대 | 다양한 요리 방법을 제공할 수 있는 유연성에 대한 기대 | 더 오래 보관할 수 있는 방법이 있음 | 모든 미트파이에도 같은 종류의 스티커를 제공하는 것,006_orrenn_223832000126.txt | 010_mizel0221_223826813173.txt | 013_remeberme_111_224010290831.txt | 017_deep_with_224116934431.txt | 018_meokboraeng_224111721543.txt | 026_shinna0313_224001644221.txt | 036_subak_here_223970711950.txt | 051_kyful6714_223811851136.txt | 054_qhfkavhwkd_223708488989.txt,집에 와서 발뮤다 토스터 170도에 6분 정도 돌리니 처음 나왔을 때의 맛이 나더라고요. 일요일 아침으로 맛있게 먹었습니다. | 데워 먹는 법은 에어프라이 180도 예열 후 5-6분(따뜻하게) / 7-10분(페스츄리 식감) 또는 전자레인지 1-2분 조리 | 는 자르다가 포크 부러짐 이슈로...^^ 그냥 손에 들고 먹음. 더 맛있다
TOPIC,T20,조리·서비스 대기시간,조리시간·웨이팅·서비스 소요시간 관련 topic 통합,병합,12,12,긍정:2 | 중립·판단 불가:3 | 불만:7,없음:6 | 추론한 가설:6,가격과 대기시간 | 조리 시간 | 가격과 대기 시간 | 주문 대기 시간 | 대기 시간 | 메뉴 조리 시간 | 주문 즉시 조리 | 맛집의 웨이팅 상황 | 시간 소요 | 식사 시간,"대기를 줄일 수 있는 방법, 더 빠른 서비스 | 주문 시간을 정확하게 안내받을 수 있는 시스템 필요 | 더 빠른 서비스를 원함 | 조리 시간으로 인한 대기 시간 없이 즉시 조리된 음식물 이용의 기대 | 즉시 서비스가 제공되는 곳에서도 기다려야 하는 웨이팅 현상의 원인을 알아보는 것 | 더 빠른 서비스를 위한 효율적인 요리와 서빙 시스템 개선 필요",004_shxuxihxng_224106457393.txt | 010_mizel0221_223826813173.txt | 011_1onyou1_224009057242.txt | 019_julyju__223980451715.txt | 040_akdakdeogo01_223818949281.txt | 041_goo_morning_223974660494.txt | 043_bininid_224346547033.txt | 045_aboutme-zip_223858138614.txt | 047_mrbond_224012631567.txt | 088_rebornyang_224009784263.txt | 097_minhyoung123_223915762099.txt | urls.txt,숙대 공강 시간에 후딱 사오기도 좋은 숙대 간식 웅파이 숙대입구점 | 조리시간이 오래걸리는 메뉴의 경우 미리 네이버 주문하면 안에서 기다리지 않고 픽업 가능합니다! | 주문하면 25분 기다려야한다는 오픈형 파이인 시금치파이 주문!
TOPIC,T21,개별 메뉴·제품,개별 파이·음식 제품 소개 관련 topic 통합,병합,11,9,긍정:9 | 불만:1 | 중립·판단 불가:1,없음:10 | 추론한 가설:1,미트파이의 특징 | 새로운 파이 가게의 등장 | 비프칠리파이와 양송이파이의 매력 | 비프 파이 | 시금치 파이 | 양송이파이 | 오픈형 파이 | 미트파이와 양송이 파이의 개인적 취향에 대한 평가 | 비프파이 | 치킨파이,오픈형 파이의 경우 더 빠른 대기 시간을 줄일 수 있는 방안이 필요하다,009_binoche33_224098531862.txt | 022_ktlove27j_223860661701.txt | 024_deep_with_223979335993.txt | 027_gjahrfu01_223858258016.txt | 036_subak_here_223970711950.txt | 039_horang_kim_0_223945824309.txt | 055_minheedj_223831624258.txt | 056_soojung_yi_223945992245.txt | 063_mkd6324_224328318510.txt,"보스 파이 이게 대박임..! 별 기대 없었는데 매콤하니 인도커리맛 ㅠㅠ 너무 맛있어서 이거 무조건 또 사와야지..! 진짜 너무 맛있다..! | 숙대 앞에 새로 파이가게가 생겼다. 예전에 2층짜리 파이집이 있었는데 사라진 뒤로 미트파이를 먹을 수 없어서 아쉬웠는데 드뎌!! 생겨버림!! 웅파이 숙대입구점의 내부는 작지만 알찼다. 3자리가 있어서 혼밥할 수 있고 포장도 가능한 곳이었다. | 결국 결론은 하나! ""웅파이는 한 번만 와서는 안 된다. 최소 두 번 이상 와야 진짜다."" 맛이 갈릴 만큼 각 메뉴마다 개성이 뚜렷한 숙대파이맛집이라 결국 다 먹어봐야 한다는 숙제를 남겨주네요."
TOPIC,T22,기타 개선·개별 의견,다른 그룹에 속하지 않는 개별 의견,병합,10,9,중립·판단 불가:3 | 불만:2 | 긍정:4 | 부정:1,없음:6 | 추론한 가설:4,추가 요건 | 불편함 | 불편한 점 | 벤치마크 | 기타 의견 | 제안 및 개선 의견 | 불편한 경험 | 편의점 이용 | 식사 대화,더 큰 사이즈나 추가 간식 메뉴를 제공하는 방안 | 더 큰 사이즈의 파이를 제공하여 포만감을 느끼도록 기대 | 피크닉에 적합한 간단한 식사 구성 | 다른 수련생들의 안전한 수련을 위해 점프 동작에서 발생하는 소음을 개선할 필요,003_minjin129_224089652162.txt | 020_kyeuni96_224009356435.txt | 028_yaezi94_224097934088.txt | 031_amumalina312_224004149603.txt | 033_lc-_-l_224095600583.txt | 034_logos_rvv_223860742052.txt | 046_heojubi_224387428531.txt | 059_butlifegoeson_223976761659.txt | urls.txt,"비프칠리파이 갓 구운거 먹으니까 존맛탱... 냄새도 근사했어!하나만 먹어도 솔직히 배부름. 포만감 장난아님. | 한 끼 식사로 충분한 포만감을 기대할 가능성 | 비프파이는 풍부한 소고기와 감칠맛 나는 소스가 가득 들어 있어, 한 입 베어 물면 육즙이 가득 터지는 느낌이었습니다. 치킨파이는 부드러운 닭고기와 함께 향긋한 양념이 잘 어우러져, 바삭한 겉과 촉촉한 속의 조화가 아주 훌륭했습니다. 특히 겉은 바삭, 속은 촉촉한 이 특유의 식감 때문에, 한 번 먹으면 계속 생각나는 맛이었습니다."
TOPIC,T23,재료·토핑·소스,재료·토핑·소스 조합 관련 topic 통합,병합,10,7,긍정:9 | 중립·판단 불가:1,없음:10,사워크림의 복원 효과 | 메뉴 맛과 재료 선택 | 미트파이 재료 선택 및 조합의 다양성 | 미트파이의 재료와 맛 | 재료와 맛 | 미트파이의 재료 | 양송이 파이와 크림소스 조합 | 크림소스와 파이 조합 | 소스와 맛 | 스리라차 소스 맛,,004_shxuxihxng_224106457393.txt | 007_silversnowy_223824232375.txt | 026_shinna0313_224001644221.txt | 029_hhhhns_223852701294.txt | 036_subak_here_223970711950.txt | 062_adssaye_224009561732.txt | 097_minhyoung123_223915762099.txt,"비프칠리파이를 주문하면 사워크림도 한통 함께 주시는데 사워크림을 묻혀서 먹으니까 또 다른 맛이 나더라구요: | 비프파이, 비프칠리파이, 양송이파이, 보스파이, 치킨파이, 시금치파이, 영숙파이, 소세지롤과 에이드 및 탄산음료, 탄산수를 판매한다. 그리고 파이 두 개 구매 시 에이드 한 잔을 무료로 제공한다. | 다양한 고기와 채소 등을 볶아 넣고, 장시간 끓여내고 패스츄리에 넣어 구워 낸 식사로도 손색없는 빵이라는 점이 미트파이의 특징. 또한 다양한 소스와 조합으로 맛을 증대시키고 있다."
TOPIC,T24,축제·공연·문화 경험,축제·공연·문화 장소 관련 topic 통합,병합,10,2,긍정:6 | 중립·판단 불가:2 | 불만:2,없음:7 | 명시적 요구:1 | 추론한 가설:2,홍대 상상마당 | 창덕궁 | 조계사 | 축제 분위기와 행사 내용 | 부스 운영 및 협조 | 공연 및 오디오 품질 | 축제 일정과 장소 배치 | 부스 상품 품질과 다양성 | 전반적인 축제 경험,비슷한 연령대 고객을 위한 특별 이벤트 | 공연을 편하게 볼 수 있는 시각적 접근성 | 적절한 위치를 배정받을 수 있는 기회,063_mkd6324_224328318510.txt | 069_sunghyunha0408_224011472408.txt,슈가바니 하나 사버림. 츄플레이에도 출석. | 조계사 가려고 걷는데 자만추했다. 24세 이하 무료길래 냅다 즉홍 입장. | 안에 있던 병풍들. 그리고 나와서 조계사로.
TOPIC,T25,매장·브랜드 정보,매장 연혁·웹사이트·브랜드 안내 관련 topic 통합,병합,6,6,중립·판단 불가:2 | 긍정:4,없음:6,웹사이트 정보 | 가게의 연위 | 업체 특징 | 디테일한 정보 | 가게 안내 및 시그니처 아이콘 | 간단요약,,002_srk0823_224364136019.txt | 009_binoche33_224098531862.txt | 025_mukzzangsong_224015643318.txt | 031_amumalina312_224004149603.txt | 032_sluvsfooood_223825413527.txt | 042_minn_b_223914149479.txt,웅파이 권선점 경기도 수원시 권선구 덕영대로1201번길 8 1층 101호 | 곳곳에 호주를 연상하는 것들이 붙어있다. | 8종의 겉바속촉 뉴질랜드식 수제 미트파이 전문점인 웅파이 숙대입구점에 다녀왔습니다!
TOPIC,T26,건강·일상(비음식),요가·건강·일상 기록 관련 topic 통합,병합,4,1,긍정:1 | 부정:1 | 중립·판단 불가:2,없음:3 | 추론한 가설:1,요가 클래스 | 다리 건강 관리 | 집에 돌아가는 길 | 다음 주말 계획,다리 건강 관리를 위한 체계적인 훈련과 치료를 받을 수 있는 시스템 필요,046_heojubi_224387428531.txt,드위파다도 잘 해냈다! 요가니드라 할때 쯤에는 유정선생님이 오셔서 도와주셨다 앉아서 거는거보다 편할거라고 하셨지만 먼가 낯설어 그런지 쉽지 않았음 | 에카파다 오늘도 다행히 다리 건채로 엉덩이 들어올렸는데 뻗은 다리는 아직 못붙이겠다.. 드위파다도 잘 해냈다! | 은경샘 소연샘 용지샘과 커타하고 집에 감ㅎㅎ
TOPIC,T27,분석 오류·비정상 출력,분석 실패 또는 필드가 잘못 생성된 행,분석 오류,3,3,미기재:2 | 추론한 가설:1,미기재:2 | 추론한 가설:1,분석 실패 | 추론한 가설,로컬호스트 11434번 포트 연결의 응답 시간이 초과되었습니다. (읽기 제한 시간: 300초) | 더 큰 접시나 빨리 포장하기 위한 방안,035_jjseolmo_223855090773.txt | 047_mrbond_224012631567.txt | 048_hye_jiney_223924834364.txt,
TOPIC,T28,추억·감성 가치,추억과 감성적 가치 관련 topic 통합,병합,3,3,긍정:3,없음:3,추억과 추억의 재현 | 추억 가치 | 추억,,001_dizzo_kim_224388070046.txt | 005_ohaaru_224093159023.txt | 009_binoche33_224098531862.txt,"추억을 불러일으키는 이국적이고 진한 미트파이의 맛, 그리고 편리한 네이버 주문 시스템과 친절한 포장까지 뭐 하나 아쉬운 게 없었던 웅파이 숙대입구점! | 박스 열자마자 갓 구운 파이의 아주 맛있는 냄새가 나서 빨리 먹고 싶어짐. | 호주가 가끔 그리운 이유는 이런거다... 그 향수를 여기서 다시 만났다..! 정말 너무 반갑다..! 숙대맛집 - 웅파이..!"
TOPIC,T29,위생·신선도,위생·청결·신선도 관련 topic 통합,단일,1,1,긍정:1,없음:1,제품 신선도,,095_kpj6028_223915073787.txt,갓 구워 하나하나 준비되어져 있고 하나씩 손에 들고 바로 즐길 수 있게 개별 포장되어져 있으니 언능 맛보고 싶어지더라구요!
TOPIC,T30,음식 온도·보온,음식 온도와 보온 관련 topic 통합,단일,1,1,불만:1,명시적 요구:1,음식 온도,더 높은 온도 유지를 위한 적절한 보온 시설 사용,urls.txt,특히 치킨이 식어서 먹기 애매했어요
NEED,N01,위치·접근성,이동하기 편한 위치와 접근성 개선,병합,2,2,불만:2,추론한 가설:2,위치 및 접근성 | 접근성,더 편리한 위치를 기대 | 가장자리나 교통이 불편한 곳에 있는 경우 학생들이 쉽게 이용하기 위해 더 편리한 위치를 선호할 수 있습니다.,001_dizzo_kim_224388070046.txt | 006_orrenn_223832000126.txt,"숙대 올라가는 언덕쪽에 있어서 접근성은 예전보다 살짝 아쉽긴 하지만 | 4호선 숙대입구점에서 도보로 9분, 숙명여대 정문 바로 아래 숭명카피사 바로 옆에 위치해있습니다."
NEED,N02,매장 공간·좌석·혼잡,넓고 편안한 취식 공간과 충분한 좌석 확보,병합,9,9,불만:7 | 니즈:1 | 긍정:1,추론한 가설:9,매장 내부 공간 | 더 많은 공간 | 매장 내부 공간 한계 | 좌석 | 위치 | 공간 규모 | 매장 이용 시간 | 주차장 공간,더 넓은 내부 공간을 기대 | 더 많은 공간이 필요함 | 더 넓은 공간이 필요함 | 더 많은 좌석을 제공하여 고객들이 식사를 즐길 수 있는 환경을 만드는 것 | 더 넓고 여유로운 매장 공간을 원하는 것 | 더 큰 공간에서 앉아 먹을 수 있는 테이블이 필요하다는 기대 | 더 넓고 편안한 실내 공간이 있으면 좋겠다 | 매장의 인기와 빠른 시간에도 불구하고 많은 손님이 있다는 것을 알 수 있는 고객의 기대 | 더 많은 자리를 제공하거나 주차장 확장을 원하는 것,001_dizzo_kim_224388070046.txt | 004_shxuxihxng_224106457393.txt | 008_cindy9901_223911466523.txt | 010_mizel0221_223826813173.txt | 012_madebykyungeui_223979584557.txt | 014_greenguardians_223971859740.txt | 039_horang_kim_0_223945824309.txt | 043_bininid_224346547033.txt | 057_abnd0509_223852122887.txt,"매장 내부는 아담해서 취식할 수 있는 자리는 1~2좌석 정도로 협소한 편이니 주로 테이크아웃(포장)으로 이용하시는 것을 추천드려요! | 내부는 넓지 않구, 먹고 갈 수 있는 공간은 작게 벽면을 바라보는 테이블로 있어요. | 한자리는 다른 손님이 앉아계셔서 매장 전체 내부를 담을 수 없었어요."
NEED,N03,주차 편의성,주차 공간 확보와 주차 위치 안내 개선,병합,9,9,불만:7 | 부족:1 | 부정:1,추론한 가설:5 | 명시적 요구:4,주차 시설 | 주차 공간 | 주차 서비스 | 주차와 주변 환경 | 주차 | 주차 문제 | 주차장,주차 편의성 개선 | 주차 공간이 있으면 더 편리할 것으로 보이는 기대 | 주차 공간 제공 | 편의점 주차 시설 개선 필요 | 학교 앞 매장을 운영하면서 주차 시설을 제공 | 주차 공간 제공의 필요성 | 편의를 위해 더 많은 주차 공간 제공 | 주차장을 쉽게 찾을 수 있도록 안내판과 표지를 개선해 주기를 바람. | 더 많은 주차 공간 확보,003_minjin129_224089652162.txt | 018_meokboraeng_224111721543.txt | 025_mukzzangsong_224015643318.txt | 032_sluvsfooood_223825413527.txt | 040_akdakdeogo01_223818949281.txt | 045_aboutme-zip_223858138614.txt | 056_soojung_yi_223945992245.txt | excluded_keywords.txt | urls.txt,주차: 불가 | - 포장 : 가능 - 주차 : 불가 | 🚘 주차 불가
NEED,N04,할인·쿠폰·적립·이벤트,할인 대상과 기간을 확대하고 쿠폰·적립 혜택을 편리하게 제공,병합,10,10,긍정:7 | 니즈:1 | 불만:1 | 중립·판단 불가:1,명시적 요구:3 | 추론한 가설:7,네이버 지도 주문 할인 프로그램 | 더 나은 서비스 | 학생 할인 정책 | 서비스 | 가격 및 혜택 | 가격 정책 | 가격 혜택 | 쿠폰 및 프로모션 | 할인 행사는 학생에게 유용함 | 창덕궁,네이버 지도 주문 시 추가적인 할인 혜택을 제공 | 더 나은 서비스를 원함 | 학생 할인 정책을 보다 지속적으로 또는 모든 고객에게 적용하도록 하는 기대 | 매장에서 제공하는 스탬프 캐시백 프로그램을 이용할 기대 | 더 많은 할인이나 혜택을 제공하는 방안 | 더 다양한 할인 이벤트 또는 프로모션 | 학생들에게 특별 할인이 적용되는 점 | 경제학부 학생들에게 특별한 혜택을 제공하고 싶음 | 학부와 학과를 포함한 특정 대상자에게 할인 행사를 통해 빠르게 인지도를 확보하고 매출을 늘리기 위한 필요성 | 비슷한 연령대 고객을 위한 특별 이벤트,001_dizzo_kim_224388070046.txt | 004_shxuxihxng_224106457393.txt | 007_silversnowy_223824232375.txt | 018_meokboraeng_224111721543.txt | 020_kyeuni96_224009356435.txt | 025_mukzzangsong_224015643318.txt | 031_amumalina312_224004149603.txt | 038_jiyoon098_223849145424.txt | 062_adssaye_224009561732.txt | 063_mkd6324_224328318510.txt,"네이버지도 '주문하기' 기능을 통해서 미리 주문하고 갔어요! ... 10% 할인 쿠폰까지 쓸 수 있어서 아주 쏠쏠하게 개이득을 챙겼답니다. | 비프파이 주문 당 쿠폰을 하나씩 찍어주시더라구요:) | 현재는 한 시즌에 한해 학생 할인이 이루어지고, 이로 인해 다른 시즌이나 일반 고객들에게는 불평등한 대우를 느껴볼 수 있다."
NEED,N05,메뉴 다양성·신메뉴·재고,다양한 메뉴와 한정 메뉴를 경험하고 원하는 메뉴를 품절 없이 선택,병합,17,16,니즈:4 | 긍정:6 | 불만:5 | 명시적 요구:1 | 중립·판단 불가:1,명시적 요구:6 | 추론한 가설:11,추천 메뉴 | 메뉴의 다양성 | 주문 희망 메뉴의 다양성 | 기대 | 메뉴 선택 | 디저트 선택의 자유 | 다음 방문 의도 | 메뉴 | 오픈형 파이 종류 | 양·포만감 | 메뉴 다양성 | 식사 경험 | 다른 메뉴 시도 | 망원시장 큐스닭강정 | 다른 종류의 파이에 대한 요구,소세지롤 추가로 판매 | 더 다양한 메뉴를 시도하고 싶어함 | 더 많은 메뉴가 있으면 더 많은 고객이 만족할 수 있을 것입니다. | 더 자주 방문하여 다양한 메뉴를 즐길 수 있는 기회 | 기간 한정 메뉴도 주문할 수 있는 방안 | 다양한 디저트를 원하는 니즈 | 다음 방문에서 다양한 메뉴를 맛보려는 의향 | 비프파이와 양송이 파이를 추천해달라고 함 | 오픈형 파이 종류 체험 | 매장에서 다양한 메뉴를 원할 때 일관된 선택의 폭을 기대 | 더 많은 종류의 수제 파이를 추가로 출시할 가능성 | 다양한 메뉴를 원하는 고객의 요구 | 다양한 맛을 원하는 고객의 요구 | 다양한 메뉴를 시도하고 싶어함 | 비프칠리와 치킨파이의 조합을 기대하는 것 | 다양성 있는 제품 개발 | 다른 종류의 파이도 먹어보고 싶어 함.,001_dizzo_kim_224388070046.txt | 004_shxuxihxng_224106457393.txt | 006_orrenn_223832000126.txt | 015_m_mylovewins__224099428012.txt | 019_julyju__223980451715.txt | 021_yals0216_223824196901.txt | 030_qhfkavhwkd_224098445121.txt | 033_lc-_-l_224095600583.txt | 037_susooohae_223917622286.txt | 045_aboutme-zip_223858138614.txt | 047_mrbond_224012631567.txt | 053_anny08_223862727870.txt | 056_soojung_yi_223945992245.txt | 059_butlifegoeson_223976761659.txt | 063_mkd6324_224328318510.txt | 097_minhyoung123_223915762099.txt,다음번엔 미리 소세지롤을 주문하고 가보려고 해요! | 요건 망원에도 있어서 전부터 가보고싶었던데는데 | 7가지 파이와 1가지 롤이 준비되어 있는데요.
NEED,N06,메뉴 선택·진열 편의,메뉴를 쉽게 비교하고 고를 수 있는 진열과 선택 안내,병합,3,3,불만:3,추론한 가설:3,메뉴 선택 | 간편한 사용 | 메뉴 종류,자유롭게 여러 메뉴를 선택할 수 있는 공간이 필요 | 더 다양한 메뉴를 선택할 수 있는 기회가 필요 | 일부 고객들은 선택의 폭이 크다는 것에 만족하지 못하고 다양한 옵션으로 인해 고민을 한다는 점,024_deep_with_223979335993.txt | 094_ggul_jeongbo_223978250641.txt | urls.txt,작은 공간 안에 다양한 종류의 파이가 진열되어 있어서 '한 번에 고르기'가 불가능한 게 단점이라면 단점이더라고요. | 첫 방문이니만큼 ! 시그니처이자 사장님 추천 메뉴인 비프와 양송이로 선택했는데용 | 주문 가능한 메뉴가 너무 다양해서 선택장애를 겪었다
NEED,N07,음료 선택·메뉴 페어링,음료 선택 폭을 넓히고 파이와 어울리는 조합과 적절한 양을 제공,병합,4,4,니즈:1 | 불만:2 | 긍정:1,추론한 가설:3 | 없음:1,디저트와 카페의 결합 가능성 | 맛과 양 | 양·포만감 | 음료 조합,디저트와 카페의 결합을 원함 | 어떤 음료와 함께 먹으면 더 좋을지를 찾는 기대 | 다음 방문 시 음료를 더 많이 주문하거나 제공받을 수 있는 기대 | 고객은 이와 비슷한 메뉴 조합을 더 알고 싶어 함.,004_shxuxihxng_224106457393.txt | 030_qhfkavhwkd_224098445121.txt | 037_susooohae_223917622286.txt | 041_goo_morning_223974660494.txt,"음료류는 커피 같은 건 없고 탄산음료, 탄산수, 에이드만 있는데 저는 상큼한게 마시고 싶어서 애플망고에이드로 골랐어요. | 파이만 먹으면 살짝 목이 막힐 수 있는데, 애플망고에이드를 같이 먹으니 망고의 달콤함과 상큼함이 개운하게 잡아주더라고요. | ...라임모히토 음료 양이 적게 느껴질 수 있어요."
NEED,N08,맛·식감·재료 품질,맛과 식감을 일관되게 유지하고 재료 품질을 개선,병합,4,3,불만:2 | 중립·판단 불가:2,추론한 가설:2 | 명시적 요구:2,양·포만감 | 맛 | 망원 투떰즈업 | 망원시장 큐스닭강정,모든 제품에서 일관된 맛과 식감을 기대함. | 소스의 포만감 및 맛을 개선하는 방안 | 더욱이나 질감과 맛을 지키는 제품 개선 | 더 고급스러운 재료 사용으로 품질 개선,013_remeberme_111_224010290831.txt | 020_kyeuni96_224009356435.txt | 063_mkd6324_224328318510.txt,시금치파이처럼 엄청 진한 소스 맛일 줄 알았는데 그것보다는...? 파이마다 다른 소스를 쓰시는 건가!!! | 비프파이보다 더 점도없는 토마토+고기 소스 조합이고 약간 타코! 먹는 기분! | 근데 슬프게도 취향이 아녔습니다… 딸기바닐라랑 피스타치오 딸기 샀는데 크림이 녹아서 흐물거리고 좀 물리는 맛.
NEED,N09,맛·토핑·소스 맞춤 선택,맵기·재료·토핑·소스를 취향에 맞게 선택,병합,6,5,불만:5 | 긍정:1,추론한 가설:6,매콤한 맛의 조절 | 가격 | 소스 추가 비용 | 맛 | 서비스 | 비프칠리포장,"매콤한 맛을 더 조절할 수 있기를 원함 | 고객의 개인적인 식사 습관을 고려한 메뉴 개발 필요 | 더 많은 소스 옵션과 더 경제적인 가격으로 제공해 주길 바란다 | 구운가지 토핑의 중요성을 강조하는 것과 함께 이를 추가하려는 고객의 요구 | 구운가지 토핑에 대한 고객의 만족도와 함께 추가하려는 요구 | 비프 칠리를 더 매콤하게 조절하거나, 신청할 수 있는 옵션 제공",004_shxuxihxng_224106457393.txt | 019_julyju__223980451715.txt | 039_horang_kim_0_223945824309.txt | 043_bininid_224346547033.txt | 058_hde7759_224012323260.txt,비프칠리파이는 신라면 정도의 매콤함이라고 써있었는데 그정도로 매콤하지 않아요. 그냥 적당히 칠리향이 나는 미트파이더라구요: | 콩이 들어있더라고요. 저는 콩을 싫어해요. | 사워크림이나 스리라차 소스 추가는 금액을 받는당!
NEED,N10,가격·가성비,품질을 유지하면서 가격 부담을 낮이고 가격 대비 가치를 높임,병합,9,7,불만:6 | 긍정:2 | 중립·판단 불가:1,추론한 가설:7 | 명시적 요구:2,가격 | 가격 대비 가치 | 추천 가능성 | 가성비 | 비테도산 | 월요일 학교에서 마주친 고양이 | 가격 대비 만족도,"가격대비 가치를 더 높일 수 있는 방법 | 리뷰에서 언급된 비프파이와 양송이파이의 좋은 품질과 가격 대비 가치에 대한 기대 | 다양한 메뉴와 경제적인 가격 때문에 추천 받을 수 있는 장소로 기대 | 고객들이 실제 맛을 시험한 후, 높은 가격대에 대한 만족도가 높아질 수 있음 | 고객들이 파이의 가치와 가격비율에 대한 만족도를 높이는 것을 기대 | 감정적인 요소를 고려한 서비스 개선 및 대기 시간 단축 | 더 나은 가성비 제공 | 더 저렴한 가격으로 같은 맛을 즐길 수 있는 기대 | 높은 품질은 유지하면서 가격을 적절히 조정해 주기를 바람.",005_ohaaru_224093159023.txt | 018_meokboraeng_224111721543.txt | 022_ktlove27j_223860661701.txt | 053_anny08_223862727870.txt | 063_mkd6324_224328318510.txt | 096_baban__223923207105.txt | excluded_keywords.txt,"비프파이 6,500원 양송이파이 5,900원 | 집에서도 맛있게 먹을 수 있거든요 ~ | 숙대맛집으로 완전 추천하는 웅파이 숙대입구점!"
NEED,N11,영업시간·휴무·영업정보,영업시간을 확대하고 실제 영업 여부와 휴무 정보를 정확히 안내,병합,5,5,불만:5,추론한 가설:4 | 명시적 요구:1,매점 운영 시간 | 영업 시간 | 오픈 시간 | 휴무일 | 음료 선택,더 이상의 영업시간이 필요하다는 기대 | 영업 시간이 좀 더 연장되었으면 합니다. | 매장의 운영 시간을 늘리거나 주말 및 공휴일 오픈하여 저녁시간에도 이용 가능한 방안 | 주중에만 이용 가능한 점을 개선하여 주말에도 이용이 가능하도록 하는 것 | 음료 품목과 영업 시간 확실하게 확인할 필요,007_silversnowy_223824232375.txt | 016_milionare__223973558489.txt | 026_shinna0313_224001644221.txt | 029_hhhhns_223852701294.txt | 046_heojubi_224387428531.txt,"매장은 월-금 오전 8시~오후 7시, 토요일은 오전 10시부터 영업한다. 이로 인해 평소에 일찍 일어나서 공부해야 하는 학생들에게는 불편함을 느껴볼 수 있다. | 라스트 오더는 저녁 6시 30분이니 참고하세요! | 저는 퇴근 후에 갔더니, 매장 마감중이더라구요"
NEED,N12,품절·라스트오더 관리,품절을 줄이고 라스트오더 시간을 정확히 안내,단일,1,1,불만:1,추론한 가설:1,시간 제약,더 넓은 운영 시간 또는 추가 주문 가능 방법,025_mukzzangsong_224015643318.txt,모든 파이 솔드아웃! 라스트오더 시간을 정확하게 맞추는 것이 필요하다고 느꼈습니다.
NEED,N13,조리·서비스 대기시간 단축,조리와 서비스 시간을 줄여 더 빠르게 제공,병합,8,8,불만:8,추론한 가설:8,가격과 대기 시간 | 오픈형 파이 주문 방법 | 오픈형 파이 | 대기 시간 | 메뉴 조리 시간 | 망원 투떰즈업 | 맛집의 웨이팅 상황 | 식사 시간,"대기를 줄일 수 있는 방법, 더 빠른 서비스 | 오픈형 파이 주문 시간을 단축하거나, 즉시 주문 가능하게 만드는 것이 좋을 것 같습니다. | 오픈형 파이의 경우 더 빠른 대기 시간을 줄일 수 있는 방안이 필요하다 | 더 빠른 서비스를 원함 | 조리 시간으로 인한 대기 시간 없이 즉시 조리된 음식물 이용의 기대 | 더 빠른 서비스와 줄 서는 시간을 줄이는 방안 | 즉시 서비스가 제공되는 곳에서도 기다려야 하는 웨이팅 현상의 원인을 알아보는 것 | 더 빠른 서비스를 위한 효율적인 요리와 서빙 시스템 개선 필요",011_1onyou1_224009057242.txt | 016_milionare__223973558489.txt | 039_horang_kim_0_223945824309.txt | 040_akdakdeogo01_223818949281.txt | 045_aboutme-zip_223858138614.txt | 063_mkd6324_224328318510.txt | 088_rebornyang_224009784263.txt | urls.txt,"주문하면 25분 기다려야한다는 오픈형 파이인 시금치파이 주문! | 주문 즉시 조리라 25분 정도 소요되는 메뉴라 미리 전화나 네이버로 예약하면 좋을 것 같았어요. | 오픈형파이는 주문 즉시 조리되니 25분 정도 소요된다며, 예약 전화번호도 적혀있었다 흑흑,, 다음엔 꼭 오픈형파이 먹으러 올게"
NEED,N14,예약·주문·픽업 절차,예약·사전 주문·픽업 절차를 단순하고 유연하게 운영,병합,5,5,불만:4 | 추론한 가설:1,추론한 가설:5,주문 대기 시간 | 예약 | 포장 및 픽업 | 예약 방식 | 주문 시스템,주문 시간을 정확하게 안내받을 수 있는 시스템 필요 | 더 유연한 예약 시간대를 제공했으면 좋겠다 | 포장 및 픽업 서비스를 통한 더 큰 편의성을 기대 | 미리 오래 기다릴 필요 없이 즉시 주문할 수 있는 옵션이 필요 | 고객 경험 향상을 위해 주문 절차를 간소화해 주기를 바람.,019_julyju__223980451715.txt | 039_horang_kim_0_223945824309.txt | 054_qhfkavhwkd_223708488989.txt | 094_ggul_jeongbo_223978250641.txt | excluded_keywords.txt,모르고 방문했더니 25분까지는 아니구 10분정도 소요됐던거 같아요 | 친절하신 사장님은 미리 30분 전에만 예약달라구 하셨당! | 이건 미리 주문하고 픽업하는게 훨씬 편할 것 같아요.
NEED,N15,대기시간 예측·안내,시간대별 예상 대기시간과 혼잡도를 미리 안내,단일,1,1,불만:1,추론한 가설:1,신세계강남 식품관의 지정된 시간대와 웨이팅에 대한 의견,정기적인 시간대별 웨이팅 예상 및 안내 서비스 도입,088_rebornyang_224009784263.txt,제가 갔을 때는 살짝 여유가 있어 보였어요. 하지만 웨이팅이 큰 곳도 많아 정신도 좀 없고
NEED,N16,양·크기·포만감,식사량에 맞는 크기와 양을 선택하고 한 끼로 충분한 포만감을 제공,병합,14,14,니즈:1 | 불만:11 | 긍정:2,추론한 가설:14,포만감 및 양의 안전성 | 양과 포만감 | 불편함 | 비프 파이의 포만감 | 불편한 점 | 양 | 양·포만감 | 한 끼 식사에 적합한 메뉴 | 한 끼 식사에 부족함 | 식사량과 포만감,가격대비 더 많은 양 또는 포만감을 제공하여 학생들이 반복적으로 방문할 수 있는 환경을 만드는 것 | 가격 대비 더 큰 규모의 상품 제공 | 더 큰 사이즈나 추가 간식 메뉴를 제공하는 방안 | 배가 충분히 채워질 수 있는 기대 | 더 큰 사이즈의 파이를 제공하여 포만감을 느끼도록 기대 | 양이 많아서 포만감을 느낄 수 있는 기대 | 한 끼 식사로 더 많은 음식을 원하는 고객들이 있을 수 있음 | 한 끼 식사로 충분한 포만감을 기대할 가능성 | 더 많은 양으로 포만감을 느끼길 원함 | 양과 포만감이 충분한 메뉴 | 소비자들이 적당한 양을 찾을 수 있도록 조절 가능한 포만감을 기대 | 더 적당한 양의 메뉴를 기대하는 것 | 하나의 파이로는 끼니를 충분히 해결하기 어렵다는 점 | 혼자 먹을 때도 충분한 양과 포만감을 기대할 수 있는 메뉴,010_mizel0221_223826813173.txt | 011_1onyou1_224009057242.txt | 020_kyeuni96_224009356435.txt | 027_gjahrfu01_223858258016.txt | 028_yaezi94_224097934088.txt | 031_amumalina312_224004149603.txt | 033_lc-_-l_224095600583.txt | 036_subak_here_223970711950.txt | 038_jiyoon098_223849145424.txt | 040_akdakdeogo01_223818949281.txt | 054_qhfkavhwkd_223708488989.txt | 059_butlifegoeson_223976761659.txt | 062_adssaye_224009561732.txt | 072_a-flat_music_studio_223725975540.txt,한 개로 점심을 먹기에는 조금 부족했어요 | 한 끼 식사로 충분한 포만감을 기대할 가능성. 한 개로 점심을 먹기에는 조금 부족했어요. | 한 끼 식사로 충분한 포만감을 기대할 가능성
NEED,N17,간편식·식사대용·휴대성,바쁜 상황이나 이동 중에도 간편하고 든든하게 이용할 수 있는 식사 제공,병합,6,5,니즈:1 | 니즈 - 명시적 요구:1 | 니즈 - 추론한 가설:1 | 긍정:3,명시적 요구:3 | 추론한 가설:3,점심 시간 대비 매출 향상 | 한 끼 식사 요구 | 편리성 | 벤치마크 | 학원 근처 맛집 정보,점심 시간 동안 학생들이 더 많이 방문하여 매출을 향상시키는 것 | 임산부나 바쁜 직장인 등이 간단하고 영양가 있는 한 끼 식사를 원하는 기대 | 간편하게 품질 좋은 음식을 즐길 수 있는 기대 | 이동 중에도 쉽게 먹을 수 있는 간식을 원하는 니즈 | 피크닉에 적합한 간단한 식사 구성 | 학원 근처 맛집을 찾고 이용하는 방법,010_mizel0221_223826813173.txt | 017_deep_with_224116934431.txt | 021_yals0216_223824196901.txt | 031_amumalina312_224004149603.txt | 072_a-flat_music_studio_223725975540.txt,"숙대에서 가볍게 한 끼 때우기 좋은 간편식 맛집 | 육아 퇴근 후, 혹은 나른한 주말 오후. 밥 차리기 싫지만 맛있는 건 먹고 싶다면 웅파이 포장이 정답입니다. | 포장, 배달, 예약 가능! 먹고가기도 가능~"
NEED,N18,포장·배달 서비스,포장과 배달을 통해 매장 밖에서도 편리하게 이용,병합,3,3,니즈:2 | 불만:1,추론한 가설:3,포장 메뉴의 편리성 | 미트파이 포장 및 배달 서비스 | 배달 서비스,포장 메뉴의 편리성을 원함 | 더 많은 배달 및 포장 서비스를 제공하고자 하는 기대 | 배송 옵션을 제공하여 집에서도 쉽게 즐길 수 있는 기대,004_shxuxihxng_224106457393.txt | 007_silversnowy_223824232375.txt | 023_betterbutterbeer_223825140917.txt,"비프파이 주문하면 따뜻하게 구워서 주시는데 패스츄리도 부드러우면서 바삭하규 버터리한 향이 나서 좋더라구여❤️ | 배달, 포장, 예약 모두 가능하지만, 이 부분은 추론에 근거한 부분이다."
NEED,N19,보관·재가열·홈카페 이용,집에서도 맛과 식감을 유지할 수 있는 보관·재가열 방법과 활용 안내,병합,5,4,니즈 - 명시적 요구:1 | 긍정:2 | 불만:2,명시적 요구:1 | 추론한 가설:4,홈카페 대체 | 재현성 | 유연성 | 비프 파이의 포만감과 페스츄리 | 포장 및 보관 방법,집에서 포장된 미트파이를 이용해 간단하게 뉴질랜드 브런치 카페의 경험을 느끼는 기대 | 집에서도 맛과 식감을 유지할 수 있는 포장 방법에 대한 기대 | 다양한 요리 방법을 제공할 수 있는 유연성에 대한 기대 | 더 바삭하게 먹고 싶은 고객이 더 많은 기대 | 더 오래 보관할 수 있는 방법이 있음,017_deep_with_224116934431.txt | 018_meokboraeng_224111721543.txt | 027_gjahrfu01_223858258016.txt | 036_subak_here_223970711950.txt,"집에서도 바삭하게 즐길 수 있어 포장도 좋음 | 포장해서 저는 집에서 에어프라이기에 구워 먹었는데 식사 로도 손색이 없는 퀄리티에 완전 빠졌습니다. | 단, 전자레인지를 데우는 경우에는 눅눅해질 수 있어서 에어프라이어에 데워 먹는 걸 추천드립니다!"
NEED,N20,포장 디자인·선물 구성,선물하기 좋고 제품을 쉽게 구분할 수 있는 포장과 라벨 제공,병합,4,4,불만:2 | 추론한 가설:1 | 긍정:1,추론한 가설:4,접시 디자인 및 포장 | 추론한 가설 | 미트파이 재가열 방법 | 포장과 선물,더 좋을 수 있는 접시 디자인과 포장법 | 더 큰 접시나 빨리 포장하기 위한 방안 | 모든 미트파이에도 같은 종류의 스티커를 제공하는 것 | 선물용 파이에 대한 요구,038_jiyoon098_223849145424.txt | 047_mrbond_224012631567.txt | 051_kyful6714_223811851136.txt | 053_anny08_223862727870.txt,"곰돌이 접시에 담으려고 노력했으나 진짜 깍껴;; | 비프칠리파이 외에 양송이, 비프칠리 스티커도 부쳐주셨네요 꼼꼼하고 세심하네요 하지만, 미트파이를 형상화한 귀여운 상자에 스티커로 양송이, 비프칠리 스티커만 부치는 것은 아쉬움이 있습니다. | 박스로 이쁘게 포장해주시니 선물용으로도 좋겠죠~?"
NEED,N21,재방문·추천·다른 메뉴 체험,재방문해 다른 메뉴와 혜택을 경험하고 주변에 추천,병합,5,5,긍정:5,추론한 가설:2 | 명시적 요구:3,다음 방문 의향 | 추천 | 재구매 의향 | 추천 이유,다시 방문하여 다른 메뉴도 시도하고 싶어 합니다. | 재방문 및 추천을 기대하는 것으로 보임 | 다시 방문해 더 다양한 제품이나 혜택을 경험하고 싶어 함. | 숙대 입근객이나 수제 미트파이를 찾는 고객에게 직접적인 제품 추천 | 뉴질랜드식 수제 미트파이를 원하는 고객에게 이 맛집을 추천하고 싶어할 가능성이 있음,016_milionare__223973558489.txt | 031_amumalina312_224004149603.txt | 041_goo_morning_223974660494.txt | 042_minn_b_223914149479.txt | 055_minheedj_223831624258.txt,"숙대생들 사이에서 왜 인기 있는지 알 것 같은 숙대 미트파이 맛집, 근처 들르신다면 꼭 한 번 드셔보세요! | 앞으로 수제 미트파이는 숙대맛집! 웅파이 숙대점으로 정착합니다!! | 다음에 꼭 다시 방문할 것입니다."
NEED,N22,음식 온도·보온,제공 시 적절한 음식 온도를 유지,단일,1,1,불만:1,명시적 요구:1,음식 온도,더 높은 온도 유지를 위한 적절한 보온 시설 사용,urls.txt,특히 치킨이 식어서 먹기 애매했어요
NEED,N23,서비스 환경·응대 개선,정확하고 편안하며 세심한 서비스 환경 제공,병합,3,2,불만:1 | 부정:1 | 긍정:1,추론한 가설:3,양송이파이의 외관 | 불편한 경험 | 후속 방문 가능성,더 고요하고 정확한 서비스 환경에서 파이를 제공했으면 좋겠다 | 다른 수련생들의 안전한 수련을 위해 점프 동작에서 발생하는 소음을 개선할 필요 | 유정 선생님의 지원이 계속되며 고객이 편안하게 수련할 수 있도록 도와주는 것,039_horang_kim_0_223945824309.txt | 046_heojubi_224387428531.txt,"반갈라서 아주 멋진 장면을 담고 싶었눈데,, 실패! | 바카 에이에서 점프로 내려올 때 개 이상한 소리 냄.. 엄청 조용했는데,,. 혼자 민망했음.. 비는 얼렁뚱땅 넘어감ㅋㅋㅋㅜㅜ | 요가니드라 할때 쯤에는 유정선생님이 오셔서 도와주셨다 앉아서 거는거보다 편할거라고 하셨지만 먼가 낯설어 그런지 쉽지 않았음..."
NEED,N24,건강·훈련 지원(비음식),체계적인 훈련과 치료 지원,단일,1,1,부정:1,추론한 가설:1,다리 건강 관리,다리 건강 관리를 위한 체계적인 훈련과 치료를 받을 수 있는 시스템 필요,046_heojubi_224387428531.txt,에카파다 오늘도 다행히 다리 건채로 엉덩이 들어올렸는데 뻗은 다리는 아직 못붙이겠다.. 드위파다도 잘 해냈다!
NEED,N25,공연 관람 접근성·장소 배치,편안하게 관람할 수 있는 시야와 관람 위치 제공,병합,2,1,불만:2,추론한 가설:2,공연 및 오디오 품질 | 축제 일정과 장소 배치,공연을 편하게 볼 수 있는 시각적 접근성 | 적절한 위치를 배정받을 수 있는 기회,069_sunghyunha0408_224011472408.txt,"기다리는 수고도 있고 공연 내내 위를 올려다 보느라 끝나고 나니 목이 너무 아팠다. 뒤에서도 노랫소리, 무대 다 괜찮으니까 내년엔 뒤에서 봐도 될 듯 | 다만 눈송구역 맨 앞열이 아니라면 구역 밖에서 보는 게 나을 듯? 기다리는 수고도 있고"
NEED,N26,캐릭터·고객 참여 요소,고객이 참여하고 즐길 수 있는 캐릭터 요소 확대,단일,1,1,중립·판단 불가:1,명시적 요구:1,비테도산,더 많은 고객 참여 캐릭터 제공,063_mkd6324_224328318510.txt,사실 맛과 가성비는 영 아닌데 그래도 저 토끼 스플릿이 너무 귀엽다.
NEED,N27,분석 오류,원문을 재분석해 누락된 topic과 need 복구,분석 오류,2,2,미기재:2,미기재:2,분석 실패,로컬호스트 11434번 포트 연결의 응답 시간이 초과되었습니다. (읽기 제한 시간: 300초),035_jjseolmo_223855090773.txt | 048_hye_jiney_223924834364.txt,
