date	url	file
2026-08-24	https://blog.naver.com/dizzo_kim/224388070046	001_dizzo_kim_224388070046.txt
2026-07-31	https://blog.naver.com/srk0823/224364136019	002_srk0823_224364136019.txt
2025-11-27	https://blog.naver.com/minjin129/224089652162	003_minjin129_224089652162.txt
2025-12-11	https://blog.naver.com/shxuxihxng/224106457393	004_shxuxihxng_224106457393.txt
2025-11-30	https://blog.naver.com/ohaaru/224093159023	005_ohaaru_224093159023.txt
2025-04-13	https://blog.naver.com/orrenn/223832000126	006_orrenn_223832000126.txt
2025-04-08	https://blog.naver.com/silversnowy/223824232375	007_silversnowy_223824232375.txt
2025-06-25	https://blog.naver.com/cindy9901/223911466523	008_cindy9901_223911466523.txt
2025-12-04	https://blog.naver.com/binoche33/224098531862	009_binoche33_224098531862.txt
2025-04-09	https://blog.naver.com/mizel0221/223826813173	010_mizel0221_223826813173.txt
2025-09-15	https://blog.naver.com/1onyou1/224009057242	011_1onyou1_224009057242.txt
2025-08-22	https://blog.naver.com/madebykyungeui/223979584557	012_madebykyungeui_223979584557.txt
2025-09-16	https://blog.naver.com/remeberme_111/224010290831	013_remeberme_111_224010290831.txt
2025-08-15	https://blog.naver.com/greenguardians/223971859740	014_greenguardians_223971859740.txt
2025-12-05	https://blog.naver.com/m_mylovewins_/224099428012	015_m_mylovewins__224099428012.txt
2025-08-17	https://blog.naver.com/milionare_/223973558489	016_milionare__223973558489.txt
2025-12-20	https://blog.naver.com/deep_with/224116934431	017_deep_with_224116934431.txt
2025-12-16	https://blog.naver.com/meokboraeng/224111721543	018_meokboraeng_224111721543.txt
2025-08-23	https://blog.naver.com/julyju_/223980451715	019_julyju__223980451715.txt
2025-09-15	https://blog.naver.com/kyeuni96/224009356435	020_kyeuni96_224009356435.txt
2025-04-06	https://blog.naver.com/yals0216/223824196901	021_yals0216_223824196901.txt
2025-05-09	https://blog.naver.com/ktlove27j/223860661701	022_ktlove27j_223860661701.txt
2025-04-08	https://blog.naver.com/betterbutterbeer/223825140917	023_betterbutterbeer_223825140917.txt
2025-08-22	https://blog.naver.com/deep_with/223979335993	024_deep_with_223979335993.txt
2025-09-20	https://blog.naver.com/mukzzangsong/224015643318	025_mukzzangsong_224015643318.txt
2025-09-09	https://blog.naver.com/shinna0313/224001644221	026_shinna0313_224001644221.txt
2025-05-07	https://blog.naver.com/gjahrfu01/223858258016	027_gjahrfu01_223858258016.txt
2025-12-04	https://blog.naver.com/yaezi94/224097934088	028_yaezi94_224097934088.txt
2025-05-01	https://blog.naver.com/hhhhns/223852701294	029_hhhhns_223852701294.txt
2025-12-04	https://blog.naver.com/qhfkavhwkd/224098445121	030_qhfkavhwkd_224098445121.txt
2025-09-12	https://blog.naver.com/amumalina312/224004149603	031_amumalina312_224004149603.txt
2025-04-07	https://blog.naver.com/sluvsfooood/223825413527	032_sluvsfooood_223825413527.txt
2025-12-02	https://blog.naver.com/lc-_-l/224095600583	033_lc-_-l_224095600583.txt
2025-05-10	https://blog.naver.com/logos_rvv/223860742052	034_logos_rvv_223860742052.txt
2025-05-04	https://blog.naver.com/jjseolmo/223855090773	035_jjseolmo_223855090773.txt
2025-07-01	https://blog.naver.com/susooohae/223917622286	036_susooohae_223917622286.txt
2025-04-28	https://blog.naver.com/jiyoon098/223849145424	037_jiyoon098_223849145424.txt
2025-07-24	https://blog.naver.com/horang_kim_0/223945824309	038_horang_kim_0_223945824309.txt
2025-08-14	https://blog.naver.com/subak_here/223970711950	039_subak_here_223970711950.txt
2025-04-02	https://blog.naver.com/akdakdeogo01/223818949281	040_akdakdeogo01_223818949281.txt
2025-08-18	https://blog.naver.com/goo_morning/223974660494	041_goo_morning_223974660494.txt
2025-06-30	https://blog.naver.com/minn_b/223914149479	042_minn_b_223914149479.txt
2026-07-14	https://blog.naver.com/bininid/224346547033	043_bininid_224346547033.txt
2025-04-04	https://blog.naver.com/yaezi94/223821426109	044_yaezi94_223821426109.txt
2025-05-07	https://blog.naver.com/aboutme-zip/223858138614	045_aboutme-zip_223858138614.txt
2026-08-23	https://blog.naver.com/heojubi/224387428531	046_heojubi_224387428531.txt
2025-09-18	https://blog.naver.com/mrbond/224012631567	047_mrbond_224012631567.txt
2025-07-24	https://blog.naver.com/hye_jiney/223924834364	048_hye_jiney_223924834364.txt
2026-07-13	https://blog.naver.com/gmlcks0630/224344909994	049_gmlcks0630_224344909994.txt
2026-01-17	https://blog.naver.com/hskim407/224150273385	050_hskim407_224150273385.txt
2025-03-27	https://blog.naver.com/kyful6714/223811851136	051_kyful6714_223811851136.txt
2025-07-24	https://blog.naver.com/dksalscjswo/223946004124	052_dksalscjswo_223946004124.txt
2025-05-12	https://blog.naver.com/anny08/223862727870	053_anny08_223862727870.txt
2025-04-13	https://blog.naver.com/minheedj/223831624258	054_minheedj_223831624258.txt
2025-07-24	https://blog.naver.com/soojung_yi/223945992245	055_soojung_yi_223945992245.txt
2025-05-01	https://blog.naver.com/abnd0509/223852122887	056_abnd0509_223852122887.txt
2025-09-18	https://blog.naver.com/hde7759/224012323260	057_hde7759_224012323260.txt
2025-08-20	https://blog.naver.com/butlifegoeson/223976761659	058_butlifegoeson_223976761659.txt
2026-04-25	https://blog.naver.com/hskim407/224264862545	059_hskim407_224264862545.txt
2025-09-17	https://blog.naver.com/adssaye/224009561732	060_adssaye_224009561732.txt
2026-06-26	https://blog.naver.com/mkd6324/224328318510	061_mkd6324_224328318510.txt
2025-01-03	https://blog.naver.com/signgraphy_/223705654839	062_signgraphy__223705654839.txt
2026-05-17	https://blog.naver.com/fromsoohyun_/224287703612	063_fromsoohyun__224287703612.txt
2025-04-12	https://blog.naver.com/wlgp5982/223830918100	064_wlgp5982_223830918100.txt
2025-04-20	https://blog.naver.com/46jungeun/223840320853	065_46jungeun_223840320853.txt
2026-05-14	https://blog.naver.com/haewondl/224284950031	066_haewondl_224284950031.txt
2025-09-17	https://blog.naver.com/sunghyunha0408/224011472408	067_sunghyunha0408_224011472408.txt
2026-04-25	https://blog.naver.com/suhayaa/224264771254	068_suhayaa_224264771254.txt
2025-04-20	https://blog.naver.com/reload027/223840689227	069_reload027_223840689227.txt
2025-01-14	https://blog.naver.com/a-flat_music_studio/223725975540	070_a-flat_music_studio_223725975540.txt
2025-11-30	https://blog.naver.com/yunassae/224092992656	071_yunassae_224092992656.txt
2026-03-12	https://blog.naver.com/geeg00/224213906698	072_geeg00_224213906698.txt
2025-03-10	https://blog.naver.com/cc9attic/223790641630	073_cc9attic_223790641630.txt
2026-03-20	https://blog.naver.com/kcw06030/224222835579	074_kcw06030_224222835579.txt
2025-10-31	https://blog.naver.com/psy0618_/224060251213	075_psy0618__224060251213.txt
2026-01-04	https://blog.naver.com/loedelicate/224134001096	076_loedelicate_224134001096.txt
2025-12-20	https://blog.naver.com/liy1218/224116190346	077_liy1218_224116190346.txt
2025-05-18	https://blog.naver.com/4o_ny/223869791567	078_4o_ny_223869791567.txt
2025-04-16	https://blog.naver.com/kus4242/223835565032	079_kus4242_223835565032.txt
2025-01-01	https://blog.naver.com/su_y0ung00/223711772882	080_su_y0ung00_223711772882.txt
2025-08-14	https://blog.naver.com/iamsallyslaw/223970540643	081_iamsallyslaw_223970540643.txt
2025-10-15	https://blog.naver.com/kpepe02/224041651946	082_kpepe02_224041651946.txt
2025-09-27	https://blog.naver.com/sunwo-/224023181446	083_sunwo-_224023181446.txt
2025-08-03	https://blog.naver.com/greedysoul/223956841271	084_greedysoul_223956841271.txt
2025-09-16	https://blog.naver.com/rebornyang/224009784263	085_rebornyang_224009784263.txt
2025-02-28	https://blog.naver.com/sarah30402/223778759383	086_sarah30402_223778759383.txt
2025-05-12	https://blog.naver.com/zihye9000/223862932715	087_zihye9000_223862932715.txt
2025-05-20	https://blog.naver.com/cleanfighter/223871644674	088_cleanfighter_223871644674.txt
2025-01-17	https://blog.naver.com/leejuhee/223728259623	089_leejuhee_223728259623.txt
2025-08-21	https://blog.naver.com/ggul_jeongbo/223978250641	090_ggul_jeongbo_223978250641.txt
2025-06-28	https://blog.naver.com/kpj6028/223915073787	091_kpj6028_223915073787.txt
2025-07-05	https://blog.naver.com/baban_/223923207105	092_baban__223923207105.txt
2025-06-29	https://blog.naver.com/minhyoung123/223915762099	093_minhyoung123_223915762099.txt
